Date,1 Mo,2 Mo,3 Mo,6 Mo,1 Yr,2 Yr,3 Yr,5 Yr,7 Yr,10 Yr,20 Yr,30 Yr
2020-01-02,1.53,1.55,1.54,1.57,1.56,1.58,1.59,1.67,1.79,1.88,2.19,2.33
2020-01-03,1.52,1.55,1.52,1.55,1.55,1.53,1.54,1.59,1.71,1.8,2.11,2.26
2020-01-06,1.54,1.54,1.56,1.56,1.54,1.54,1.56,1.61,1.72,1.81,2.13,2.28
2020-01-07,1.52,1.53,1.54,1.56,1.53,1.54,1.55,1.62,1.74,1.83,2.16,2.31
2020-01-08,1.5,1.53,1.54,1.56,1.55,1.58,1.61,1.67,1.78,1.87,2.21,2.35
2020-01-09,1.53,1.55,1.54,1.56,1.54,1.58,1.59,1.65,1.77,1.85,2.17,2.38
2020-01-10,1.52,1.55,1.54,1.55,1.53,1.56,1.59,1.63,1.74,1.83,2.14,2.28
2020-01-13,1.54,1.56,1.57,1.57,1.53,1.58,1.6,1.65,1.76,1.85,2.16,2.3
2020-01-14,1.53,1.56,1.57,1.57,1.53,1.58,1.59,1.63,1.74,1.82,2.12,2.27
2020-01-15,1.53,1.56,1.57,1.58,1.54,1.56,1.56,1.6,1.71,1.79,2.09,2.23
2020-01-16,1.54,1.56,1.55,1.56,1.54,1.58,1.58,1.63,1.73,1.81,2.11,2.26
2020-01-17,1.54,1.56,1.56,1.57,1.56,1.58,1.56,1.63,1.74,1.84,2.16,2.29
2020-01-21,1.52,1.54,1.56,1.57,1.54,1.53,1.53,1.57,1.69,1.78,2.1,2.23
2020-01-22,1.52,1.53,1.55,1.56,1.55,1.53,1.52,1.57,1.68,1.77,2.07,2.22
2020-01-23,1.55,1.57,1.55,1.56,1.55,1.51,1.51,1.55,1.65,1.74,2.03,2.18
2020-01-24,1.54,1.55,1.54,1.55,1.55,1.49,1.48,1.51,1.61,1.7,2.0,2.14
2020-01-27,1.53,1.55,1.55,1.57,1.53,1.44,1.41,1.44,1.52,1.61,1.91,2.05
2020-01-28,1.53,1.57,1.57,1.58,1.53,1.45,1.45,1.47,1.56,1.65,1.95,2.1
2020-01-29,1.52,1.55,1.56,1.57,1.51,1.42,1.39,1.41,1.51,1.6,1.89,2.05
2020-01-30,1.59,1.58,1.57,1.57,1.48,1.41,1.37,1.39,1.49,1.57,1.88,2.04
2020-01-31,1.56,1.57,1.55,1.54,1.45,1.33,1.3,1.32,1.42,1.51,1.83,1.99
2020-02-03,1.56,1.57,1.57,1.56,1.46,1.36,1.34,1.35,1.45,1.54,1.84,2.01
2020-02-04,1.55,1.57,1.57,1.57,1.48,1.41,1.4,1.42,1.52,1.61,1.91,2.08
2020-02-05,1.55,1.56,1.57,1.57,1.49,1.44,1.43,1.46,1.57,1.66,1.97,2.14
2020-02-06,1.59,1.59,1.57,1.58,1.51,1.44,1.43,1.45,1.56,1.65,1.94,2.11
2020-02-07,1.57,1.58,1.56,1.57,1.49,1.41,1.39,1.41,1.51,1.59,1.89,2.05
2020-02-10,1.58,1.58,1.58,1.58,1.45,1.37,1.36,1.38,1.47,1.56,1.87,2.03
2020-02-11,1.57,1.58,1.57,1.55,1.48,1.41,1.39,1.4,1.5,1.59,1.89,2.05
2020-02-12,1.57,1.59,1.58,1.56,1.49,1.44,1.42,1.45,1.55,1.62,1.93,2.09
2020-02-13,1.59,1.59,1.59,1.56,1.48,1.44,1.42,1.43,1.53,1.61,1.91,2.07
2020-02-14,1.6,1.6,1.58,1.56,1.49,1.42,1.4,1.42,1.51,1.59,1.89,2.04
2020-02-18,1.61,1.6,1.58,1.56,1.47,1.41,1.37,1.39,1.48,1.55,1.85,2.0
2020-02-19,1.61,1.61,1.58,1.56,1.47,1.42,1.39,1.41,1.5,1.56,1.86,2.01
2020-02-20,1.61,1.6,1.58,1.55,1.46,1.39,1.35,1.37,1.45,1.52,1.81,1.97
2020-02-21,1.6,1.6,1.56,1.53,1.43,1.34,1.3,1.3,1.39,1.46,1.75,1.9
2020-02-24,1.6,1.59,1.53,1.49,1.35,1.26,1.21,1.21,1.3,1.38,1.68,1.84
2020-02-25,1.59,1.58,1.53,1.47,1.3,1.2,1.16,1.16,1.25,1.33,1.63,1.8
2020-02-26,1.59,1.56,1.53,1.42,1.26,1.16,1.14,1.14,1.25,1.33,1.64,1.81
2020-02-27,1.56,1.53,1.45,1.33,1.18,1.11,1.08,1.11,1.22,1.3,1.61,1.79
2020-02-28,1.45,1.37,1.27,1.11,0.97,0.86,0.85,0.89,1.03,1.13,1.46,1.65
2020-03-02,1.41,1.27,1.13,0.95,0.89,0.84,0.85,0.88,1.01,1.1,1.46,1.66
2020-03-03,1.11,1.05,0.95,0.83,0.73,0.71,0.72,0.77,0.91,1.02,1.44,1.64
2020-03-04,1.0,0.87,0.72,0.68,0.59,0.67,0.68,0.75,0.9,1.02,1.45,1.67
2020-03-05,0.92,0.83,0.62,0.53,0.48,0.59,0.61,0.67,0.81,0.92,1.34,1.56
2020-03-06,0.79,0.64,0.45,0.41,0.39,0.49,0.53,0.58,0.69,0.74,1.09,1.25
2020-03-09,0.57,0.52,0.33,0.27,0.31,0.38,0.4,0.46,0.56,0.54,0.87,0.99
2020-03-10,0.57,0.55,0.44,0.43,0.43,0.5,0.58,0.63,0.73,0.76,1.16,1.28
2020-03-11,0.42,0.42,0.42,0.4,0.4,0.5,0.58,0.66,0.78,0.82,1.13,1.3
2020-03-12,0.41,0.33,0.33,0.37,0.39,0.5,0.58,0.66,0.82,0.88,1.27,1.49
2020-03-13,0.33,0.3,0.28,0.38,0.38,0.49,0.58,0.7,0.89,0.94,1.31,1.56
2020-03-16,0.25,0.25,0.24,0.29,0.29,0.36,0.43,0.49,0.67,0.73,1.1,1.34
2020-03-17,0.12,0.18,0.19,0.24,0.3,0.47,0.54,0.66,0.91,1.02,1.45,1.63
2020-03-18,0.04,0.03,0.02,0.08,0.21,0.54,0.66,0.79,1.08,1.18,1.6,1.77
2020-03-19,0.04,0.04,0.04,0.06,0.2,0.44,0.53,0.66,1.0,1.12,1.56,1.78
2020-03-20,0.04,0.05,0.05,0.05,0.15,0.37,0.41,0.52,0.82,0.92,1.35,1.55
2020-03-23,0.01,0.04,0.02,0.08,0.17,0.28,0.31,0.38,0.63,0.76,1.12,1.33
2020-03-24,0.01,0.01,0.01,0.09,0.25,0.38,0.44,0.52,0.75,0.84,1.19,1.39
2020-03-25,0.0,0.0,0.0,0.07,0.19,0.34,0.41,0.56,0.77,0.88,1.23,1.45
2020-03-26,0.01,0.01,0.0,0.04,0.13,0.3,0.36,0.51,0.72,0.83,1.2,1.42
2020-03-27,0.01,0.03,0.03,0.02,0.11,0.25,0.3,0.41,0.6,0.72,1.09,1.29
2020-03-30,0.04,0.07,0.12,0.12,0.14,0.23,0.29,0.39,0.57,0.7,1.1,1.31
2020-03-31,0.05,0.12,0.11,0.15,0.17,0.23,0.29,0.37,0.55,0.7,1.15,1.35
2020-04-01,0.03,0.07,0.09,0.14,0.16,0.23,0.28,0.37,0.51,0.62,1.04,1.27
2020-04-02,0.09,0.1,0.09,0.15,0.14,0.23,0.29,0.39,0.53,0.63,1.04,1.26
2020-04-03,0.09,0.11,0.1,0.15,0.15,0.23,0.3,0.39,0.52,0.62,1.05,1.24
2020-04-06,0.09,0.13,0.15,0.17,0.2,0.27,0.35,0.44,0.58,0.67,1.08,1.27
2020-04-07,0.1,0.13,0.14,0.2,0.2,0.28,0.36,0.48,0.64,0.75,1.13,1.32
2020-04-08,0.14,0.17,0.22,0.24,0.23,0.27,0.34,0.47,0.65,0.77,1.18,1.37
2020-04-09,0.2,0.27,0.25,0.24,0.25,0.23,0.29,0.41,0.6,0.73,1.15,1.35
2020-04-13,0.17,0.29,0.26,0.27,0.27,0.25,0.31,0.44,0.63,0.76,1.19,1.39
2020-04-14,0.17,0.19,0.2,0.24,0.25,0.23,0.29,0.42,0.61,0.76,1.19,1.41
2020-04-15,0.14,0.15,0.14,0.19,0.19,0.2,0.24,0.34,0.49,0.63,1.06,1.27
2020-04-16,0.14,0.15,0.14,0.18,0.17,0.2,0.25,0.35,0.5,0.61,1.01,1.21
2020-04-17,0.12,0.12,0.12,0.16,0.16,0.2,0.26,0.36,0.53,0.65,1.08,1.27
2020-04-20,0.1,0.1,0.12,0.15,0.15,0.2,0.26,0.35,0.51,0.63,1.04,1.23
2020-04-21,0.08,0.08,0.11,0.14,0.17,0.2,0.24,0.34,0.48,0.58,0.98,1.17
2020-04-22,0.09,0.09,0.12,0.14,0.16,0.22,0.26,0.37,0.52,0.63,1.03,1.22
2020-04-23,0.09,0.12,0.11,0.14,0.17,0.22,0.26,0.37,0.51,0.61,0.99,1.18
2020-04-24,0.1,0.11,0.12,0.14,0.18,0.22,0.26,0.36,0.51,0.6,0.98,1.17
2020-04-27,0.09,0.13,0.12,0.15,0.17,0.24,0.29,0.41,0.56,0.67,1.06,1.25
2020-04-28,0.08,0.09,0.11,0.13,0.16,0.2,0.26,0.37,0.52,0.62,1.0,1.2
2020-04-29,0.1,0.09,0.1,0.12,0.18,0.2,0.24,0.36,0.52,0.63,1.02,1.24
2020-04-30,0.1,0.1,0.09,0.11,0.16,0.2,0.24,0.36,0.53,0.64,1.05,1.28
2020-05-01,0.1,0.11,0.12,0.12,0.17,0.2,0.25,0.36,0.53,0.64,1.04,1.27
2020-05-04,0.1,0.1,0.13,0.14,0.16,0.19,0.24,0.36,0.52,0.64,1.05,1.29
2020-05-05,0.09,0.11,0.13,0.15,0.16,0.19,0.24,0.36,0.53,0.66,1.07,1.32
2020-05-06,0.08,0.1,0.12,0.16,0.16,0.17,0.24,0.37,0.57,0.72,1.16,1.41
2020-05-07,0.1,0.11,0.11,0.14,0.15,0.13,0.19,0.29,0.49,0.63,1.05,1.31
2020-05-08,0.1,0.11,0.12,0.15,0.15,0.16,0.21,0.33,0.53,0.69,1.12,1.39
2020-05-11,0.09,0.11,0.12,0.16,0.16,0.17,0.24,0.36,0.56,0.73,1.16,1.43
2020-05-12,0.1,0.11,0.13,0.16,0.16,0.17,0.22,0.34,0.53,0.69,1.11,1.38
2020-05-13,0.1,0.1,0.13,0.15,0.15,0.16,0.2,0.31,0.5,0.64,1.07,1.35
2020-05-14,0.09,0.1,0.12,0.15,0.15,0.16,0.2,0.31,0.48,0.63,1.03,1.3
2020-05-15,0.09,0.09,0.12,0.15,0.15,0.16,0.19,0.31,0.49,0.64,1.05,1.32
2020-05-18,0.1,0.11,0.13,0.15,0.17,0.18,0.24,0.38,0.57,0.73,1.17,1.44
2020-05-19,0.09,0.11,0.13,0.15,0.16,0.17,0.22,0.35,0.54,0.7,1.15,1.43
2020-05-20,0.08,0.11,0.12,0.14,0.16,0.16,0.21,0.34,0.53,0.68,1.19,1.4
2020-05-21,0.09,0.11,0.12,0.14,0.16,0.17,0.21,0.35,0.53,0.68,1.16,1.4
2020-05-22,0.09,0.11,0.12,0.16,0.17,0.17,0.21,0.34,0.51,0.66,1.12,1.37
2020-05-26,0.1,0.12,0.14,0.17,0.17,0.18,0.22,0.35,0.53,0.69,1.19,1.43
2020-05-27,0.11,0.14,0.15,0.17,0.18,0.19,0.22,0.34,0.52,0.68,1.19,1.44
2020-05-28,0.14,0.15,0.15,0.18,0.17,0.17,0.22,0.34,0.54,0.7,1.23,1.47
2020-05-29,0.13,0.14,0.14,0.18,0.17,0.16,0.19,0.3,0.5,0.65,1.18,1.41
2020-06-01,0.12,0.14,0.14,0.18,0.17,0.14,0.2,0.31,0.5,0.66,1.22,1.46
2020-06-02,0.12,0.13,0.15,0.18,0.17,0.17,0.2,0.32,0.52,0.68,1.24,1.48
2020-06-03,0.12,0.14,0.16,0.19,0.17,0.19,0.26,0.38,0.59,0.77,1.32,1.56
2020-06-04,0.13,0.15,0.15,0.18,0.17,0.19,0.26,0.4,0.63,0.82,1.38,1.61
2020-06-05,0.13,0.14,0.15,0.18,0.18,0.22,0.29,0.47,0.71,0.91,1.46,1.68
2020-06-08,0.15,0.15,0.17,0.19,0.19,0.22,0.29,0.45,0.69,0.88,1.43,1.65
2020-06-09,0.14,0.17,0.19,0.19,0.19,0.2,0.25,0.4,0.65,0.84,1.37,1.59
2020-06-10,0.13,0.16,0.17,0.19,0.18,0.17,0.22,0.33,0.56,0.75,1.31,1.53
2020-06-11,0.14,0.16,0.17,0.18,0.19,0.19,0.22,0.32,0.51,0.66,1.19,1.41
2020-06-12,0.14,0.15,0.16,0.18,0.18,0.19,0.22,0.33,0.54,0.71,1.24,1.45
2020-06-15,0.15,0.16,0.18,0.19,0.17,0.19,0.22,0.33,0.54,0.71,1.24,1.45
2020-06-16,0.14,0.15,0.17,0.19,0.18,0.21,0.23,0.34,0.56,0.75,1.31,1.54
2020-06-17,0.13,0.15,0.17,0.18,0.19,0.19,0.23,0.34,0.55,0.74,1.3,1.52
2020-06-18,0.13,0.14,0.16,0.17,0.19,0.19,0.22,0.34,0.54,0.71,1.24,1.47
2020-06-19,0.13,0.14,0.15,0.17,0.18,0.19,0.22,0.33,0.53,0.7,1.23,1.47
2020-06-22,0.14,0.15,0.16,0.18,0.17,0.19,0.22,0.34,0.54,0.71,1.23,1.46
2020-06-23,0.12,0.14,0.16,0.17,0.18,0.18,0.22,0.33,0.54,0.72,1.25,1.49
2020-06-24,0.11,0.14,0.15,0.17,0.17,0.19,0.21,0.33,0.52,0.69,1.21,1.44
2020-06-25,0.13,0.14,0.16,0.17,0.17,0.17,0.21,0.32,0.53,0.68,1.2,1.43
2020-06-26,0.12,0.15,0.14,0.17,0.17,0.17,0.19,0.3,0.49,0.64,1.15,1.37
2020-06-29,0.11,0.14,0.14,0.18,0.16,0.16,0.18,0.28,0.47,0.64,1.16,1.39
2020-06-30,0.13,0.14,0.16,0.18,0.16,0.16,0.18,0.29,0.49,0.66,1.18,1.41
2020-07-01,0.12,0.12,0.14,0.17,0.16,0.17,0.19,0.31,0.52,0.69,1.2,1.43
2020-07-02,0.13,0.14,0.14,0.16,0.16,0.16,0.19,0.29,0.5,0.68,1.2,1.43
2020-07-06,0.12,0.14,0.15,0.16,0.16,0.16,0.19,0.31,0.51,0.69,1.21,1.45
2020-07-07,0.12,0.14,0.15,0.17,0.15,0.16,0.19,0.29,0.48,0.65,1.15,1.38
2020-07-08,0.11,0.13,0.15,0.17,0.15,0.16,0.19,0.3,0.49,0.67,1.16,1.39
2020-07-09,0.11,0.12,0.13,0.16,0.15,0.16,0.18,0.28,0.46,0.62,1.09,1.32
2020-07-10,0.1,0.12,0.13,0.15,0.15,0.16,0.19,0.3,0.49,0.65,1.12,1.33
2020-07-13,0.11,0.12,0.14,0.15,0.16,0.16,0.19,0.3,0.48,0.64,1.11,1.33
2020-07-14,0.11,0.14,0.15,0.14,0.17,0.14,0.19,0.28,0.47,0.63,1.09,1.3
2020-07-15,0.12,0.13,0.16,0.15,0.15,0.16,0.18,0.28,0.47,0.64,1.11,1.33
2020-07-16,0.12,0.11,0.11,0.13,0.14,0.16,0.17,0.28,0.46,0.62,1.09,1.31
2020-07-17,0.11,0.11,0.11,0.13,0.14,0.14,0.18,0.29,0.47,0.64,1.11,1.33
2020-07-20,0.11,0.12,0.13,0.14,0.14,0.16,0.18,0.29,0.47,0.62,1.1,1.32
2020-07-21,0.09,0.11,0.13,0.13,0.15,0.14,0.17,0.27,0.45,0.61,1.09,1.31
2020-07-22,0.09,0.12,0.13,0.14,0.14,0.14,0.17,0.27,0.45,0.6,1.08,1.29
2020-07-23,0.09,0.11,0.12,0.13,0.14,0.16,0.16,0.27,0.44,0.59,1.03,1.24
2020-07-24,0.1,0.11,0.11,0.14,0.16,0.14,0.17,0.27,0.44,0.59,1.03,1.23
2020-07-27,0.1,0.1,0.11,0.14,0.14,0.15,0.18,0.3,0.46,0.62,1.05,1.25
2020-07-28,0.09,0.11,0.11,0.12,0.14,0.14,0.16,0.26,0.44,0.59,1.01,1.22
2020-07-29,0.09,0.1,0.11,0.12,0.13,0.12,0.15,0.25,0.43,0.58,1.03,1.24
2020-07-30,0.1,0.1,0.09,0.11,0.11,0.11,0.14,0.23,0.4,0.55,0.98,1.2
2020-07-31,0.09,0.09,0.09,0.1,0.11,0.11,0.11,0.21,0.39,0.55,0.98,1.2
2020-08-03,0.09,0.09,0.1,0.11,0.12,0.11,0.13,0.22,0.4,0.56,1.01,1.23
2020-08-04,0.09,0.09,0.09,0.11,0.14,0.11,0.1,0.19,0.36,0.52,0.96,1.19
2020-08-05,0.08,0.09,0.1,0.12,0.12,0.11,0.13,0.22,0.39,0.55,1.0,1.22
2020-08-06,0.07,0.11,0.1,0.11,0.14,0.11,0.13,0.21,0.39,0.55,0.98,1.2
2020-08-07,0.08,0.09,0.1,0.12,0.14,0.13,0.14,0.23,0.41,0.57,1.01,1.23
2020-08-10,0.09,0.11,0.11,0.13,0.13,0.14,0.15,0.24,0.42,0.59,1.04,1.25
2020-08-11,0.08,0.1,0.11,0.12,0.15,0.16,0.18,0.27,0.46,0.64,1.1,1.32
2020-08-12,0.08,0.1,0.11,0.12,0.13,0.16,0.19,0.3,0.5,0.69,1.15,1.37
2020-08-13,0.08,0.1,0.1,0.12,0.14,0.16,0.19,0.32,0.52,0.71,1.2,1.42
2020-08-14,0.09,0.1,0.1,0.12,0.13,0.14,0.18,0.29,0.51,0.71,1.21,1.45
2020-08-17,0.09,0.1,0.1,0.12,0.13,0.14,0.18,0.29,0.49,0.69,1.19,1.43
2020-08-18,0.08,0.09,0.09,0.13,0.13,0.14,0.17,0.27,0.47,0.67,1.16,1.4
2020-08-19,0.07,0.09,0.11,0.12,0.13,0.14,0.17,0.29,0.48,0.68,1.2,1.42
2020-08-20,0.08,0.09,0.11,0.13,0.12,0.13,0.15,0.26,0.46,0.65,1.15,1.38
2020-08-21,0.07,0.09,0.1,0.12,0.13,0.16,0.16,0.27,0.46,0.64,1.13,1.35
2020-08-24,0.09,0.1,0.12,0.12,0.14,0.14,0.18,0.28,0.47,0.65,1.14,1.35
2020-08-25,0.08,0.1,0.11,0.12,0.13,0.15,0.18,0.3,0.49,0.69,1.18,1.39
2020-08-26,0.08,0.1,0.11,0.12,0.12,0.16,0.18,0.28,0.5,0.69,1.2,1.41
2020-08-27,0.09,0.1,0.11,0.11,0.13,0.16,0.19,0.31,0.53,0.74,1.28,1.5
2020-08-28,0.09,0.09,0.1,0.11,0.12,0.14,0.16,0.28,0.51,0.74,1.29,1.52
2020-08-31,0.08,0.1,0.11,0.13,0.12,0.14,0.15,0.28,0.5,0.72,1.26,1.49
2020-09-01,0.09,0.11,0.12,0.13,0.12,0.13,0.14,0.26,0.46,0.68,1.2,1.43
2020-09-02,0.1,0.1,0.12,0.12,0.13,0.14,0.16,0.26,0.45,0.66,1.16,1.38
2020-09-03,0.1,0.11,0.11,0.12,0.12,0.13,0.15,0.24,0.43,0.63,1.13,1.34
2020-09-04,0.09,0.1,0.11,0.12,0.13,0.14,0.18,0.3,0.5,0.72,1.25,1.46
2020-09-08,0.1,0.1,0.13,0.14,0.15,0.14,0.17,0.28,0.47,0.69,1.22,1.43
2020-09-09,0.1,0.11,0.12,0.14,0.14,0.14,0.17,0.28,0.48,0.71,1.25,1.45
2020-09-10,0.1,0.11,0.12,0.12,0.15,0.14,0.17,0.26,0.46,0.68,1.22,1.43
2020-09-11,0.1,0.11,0.11,0.12,0.13,0.13,0.16,0.26,0.45,0.67,1.21,1.42
2020-09-14,0.1,0.11,0.11,0.13,0.14,0.14,0.16,0.27,0.46,0.68,1.21,1.42
2020-09-15,0.09,0.1,0.11,0.12,0.13,0.14,0.16,0.27,0.46,0.68,1.21,1.43
2020-09-16,0.08,0.11,0.12,0.12,0.12,0.14,0.16,0.28,0.47,0.69,1.23,1.45
2020-09-17,0.09,0.09,0.09,0.11,0.12,0.13,0.16,0.28,0.47,0.69,1.22,1.43
2020-09-18,0.09,0.1,0.1,0.12,0.13,0.14,0.16,0.29,0.48,0.7,1.24,1.45
2020-09-21,0.09,0.1,0.1,0.11,0.12,0.14,0.16,0.27,0.46,0.68,1.22,1.43
2020-09-22,0.08,0.09,0.1,0.11,0.12,0.13,0.15,0.27,0.46,0.68,1.21,1.42
2020-09-23,0.08,0.09,0.11,0.11,0.13,0.14,0.15,0.28,0.46,0.68,1.21,1.42
2020-09-24,0.08,0.09,0.1,0.11,0.12,0.14,0.16,0.27,0.46,0.67,1.19,1.4
2020-09-25,0.08,0.09,0.1,0.11,0.12,0.12,0.15,0.26,0.45,0.66,1.19,1.4
2020-09-28,0.09,0.1,0.11,0.11,0.12,0.14,0.16,0.26,0.46,0.67,1.2,1.42
2020-09-29,0.07,0.08,0.09,0.11,0.12,0.11,0.13,0.24,0.44,0.66,1.19,1.41
2020-09-30,0.08,0.08,0.1,0.11,0.12,0.13,0.16,0.28,0.47,0.69,1.23,1.46
2020-10-01,0.09,0.09,0.09,0.1,0.12,0.14,0.16,0.27,0.46,0.68,1.23,1.45
2020-10-02,0.1,0.09,0.09,0.11,0.12,0.13,0.16,0.28,0.48,0.7,1.25,1.48
2020-10-05,0.09,0.1,0.1,0.11,0.12,0.14,0.19,0.33,0.55,0.78,1.34,1.57
2020-10-06,0.08,0.09,0.1,0.11,0.14,0.14,0.17,0.32,0.53,0.76,1.33,1.56
2020-10-07,0.08,0.09,0.1,0.12,0.13,0.16,0.21,0.35,0.56,0.81,1.37,1.6
2020-10-08,0.09,0.09,0.09,0.12,0.13,0.13,0.18,0.33,0.54,0.78,1.34,1.57
2020-10-09,0.1,0.11,0.1,0.12,0.15,0.16,0.2,0.34,0.55,0.79,1.34,1.58
2020-10-13,0.09,0.09,0.11,0.12,0.13,0.16,0.18,0.31,0.52,0.74,1.29,1.52
2020-10-14,0.1,0.1,0.12,0.12,0.13,0.14,0.18,0.3,0.51,0.73,1.28,1.5
2020-10-15,0.1,0.1,0.11,0.12,0.12,0.14,0.18,0.32,0.52,0.74,1.29,1.52
2020-10-16,0.09,0.1,0.11,0.12,0.12,0.14,0.18,0.32,0.53,0.76,1.3,1.52
2020-10-19,0.09,0.1,0.11,0.11,0.13,0.16,0.19,0.34,0.54,0.78,1.32,1.55
2020-10-20,0.08,0.09,0.1,0.12,0.13,0.14,0.19,0.34,0.57,0.81,1.37,1.6
2020-10-21,0.08,0.09,0.1,0.12,0.13,0.14,0.2,0.36,0.58,0.83,1.4,1.62
2020-10-22,0.09,0.09,0.09,0.11,0.13,0.16,0.21,0.38,0.62,0.87,1.43,1.67
2020-10-23,0.08,0.09,0.1,0.11,0.12,0.18,0.21,0.37,0.61,0.85,1.41,1.64
2020-10-26,0.08,0.09,0.11,0.12,0.12,0.16,0.18,0.35,0.58,0.81,1.37,1.59
2020-10-27,0.08,0.09,0.1,0.11,0.12,0.16,0.19,0.34,0.56,0.79,1.34,1.57
2020-10-28,0.07,0.09,0.1,0.11,0.12,0.16,0.19,0.34,0.56,0.79,1.34,1.56
2020-10-29,0.08,0.1,0.09,0.1,0.12,0.16,0.2,0.38,0.61,0.85,1.39,1.62
2020-10-30,0.08,0.09,0.09,0.11,0.13,0.14,0.19,0.38,0.64,0.88,1.43,1.65
2020-11-02,0.09,0.09,0.09,0.11,0.13,0.16,0.2,0.38,0.63,0.87,1.41,1.63
2020-11-03,0.09,0.1,0.1,0.12,0.14,0.17,0.21,0.39,0.65,0.9,1.44,1.66
2020-11-04,0.08,0.09,0.1,0.1,0.12,0.14,0.18,0.33,0.55,0.78,1.33,1.55
2020-11-05,0.09,0.1,0.1,0.1,0.12,0.14,0.18,0.33,0.56,0.79,1.32,1.54
2020-11-06,0.1,0.1,0.1,0.11,0.12,0.16,0.21,0.36,0.59,0.83,1.37,1.6
2020-11-09,0.1,0.1,0.11,0.11,0.12,0.17,0.25,0.44,0.7,0.96,1.51,1.73
2020-11-10,0.09,0.09,0.1,0.11,0.12,0.19,0.26,0.46,0.72,0.98,1.53,1.75
2020-11-12,0.1,0.11,0.1,0.1,0.13,0.17,0.23,0.4,0.64,0.88,1.42,1.64
2020-11-13,0.1,0.09,0.09,0.1,0.12,0.17,0.23,0.41,0.65,0.89,1.43,1.65
2020-11-16,0.09,0.1,0.09,0.12,0.12,0.19,0.24,0.41,0.66,0.91,1.44,1.66
2020-11-17,0.08,0.08,0.09,0.1,0.12,0.18,0.22,0.39,0.63,0.87,1.4,1.62
2020-11-18,0.07,0.09,0.09,0.1,0.11,0.16,0.22,0.4,0.64,0.88,1.42,1.62
2020-11-19,0.08,0.08,0.07,0.1,0.11,0.18,0.22,0.39,0.63,0.86,1.38,1.58
2020-11-20,0.09,0.09,0.07,0.1,0.11,0.16,0.21,0.38,0.62,0.83,1.33,1.53
2020-11-23,0.08,0.08,0.08,0.08,0.1,0.16,0.22,0.39,0.64,0.86,1.36,1.56
2020-11-24,0.08,0.08,0.09,0.1,0.11,0.16,0.22,0.39,0.65,0.88,1.4,1.6
2020-11-25,0.07,0.07,0.09,0.09,0.11,0.17,0.21,0.39,0.65,0.88,1.41,1.62
2020-11-27,0.09,0.09,0.09,0.1,0.11,0.16,0.2,0.37,0.61,0.84,1.36,1.57
2020-11-30,0.08,0.08,0.08,0.09,0.11,0.16,0.19,0.36,0.62,0.84,1.37,1.58
2020-12-01,0.07,0.07,0.09,0.1,0.12,0.17,0.22,0.42,0.68,0.92,1.46,1.66
2020-12-02,0.07,0.08,0.09,0.1,0.11,0.16,0.22,0.42,0.69,0.95,1.5,1.7
2020-12-03,0.08,0.08,0.08,0.09,0.1,0.16,0.21,0.4,0.67,0.92,1.46,1.67
2020-12-04,0.07,0.07,0.09,0.1,0.11,0.16,0.21,0.42,0.7,0.97,1.53,1.73
2020-12-07,0.09,0.08,0.08,0.1,0.1,0.14,0.2,0.4,0.67,0.94,1.49,1.69
2020-12-08,0.08,0.08,0.09,0.09,0.1,0.14,0.2,0.39,0.65,0.92,1.46,1.67
2020-12-09,0.07,0.07,0.08,0.09,0.1,0.16,0.21,0.41,0.68,0.95,1.48,1.69
2020-12-10,0.07,0.08,0.08,0.09,0.1,0.14,0.2,0.39,0.65,0.92,1.44,1.65
2020-12-11,0.08,0.08,0.08,0.08,0.1,0.11,0.18,0.37,0.63,0.9,1.42,1.63
2020-12-14,0.07,0.08,0.09,0.08,0.1,0.13,0.17,0.37,0.63,0.9,1.43,1.63
2020-12-15,0.07,0.08,0.08,0.08,0.09,0.11,0.18,0.37,0.64,0.92,1.45,1.65
2020-12-16,0.08,0.08,0.09,0.09,0.09,0.13,0.18,0.37,0.64,0.92,1.46,1.66
2020-12-17,0.08,0.09,0.08,0.09,0.09,0.13,0.19,0.38,0.66,0.94,1.47,1.68
2020-12-18,0.08,0.08,0.08,0.09,0.09,0.13,0.19,0.39,0.67,0.95,1.49,1.7
2020-12-21,0.08,0.09,0.09,0.09,0.09,0.13,0.18,0.39,0.66,0.95,1.48,1.68
2020-12-22,0.07,0.09,0.09,0.09,0.09,0.13,0.17,0.37,0.64,0.93,1.45,1.65
2020-12-23,0.07,0.08,0.09,0.09,0.09,0.13,0.18,0.38,0.67,0.96,1.49,1.7
2020-12-24,0.09,0.09,0.09,0.09,0.1,0.13,0.17,0.37,0.66,0.94,1.46,1.66
2020-12-28,0.09,0.1,0.11,0.11,0.11,0.13,0.17,0.38,0.65,0.94,1.46,1.67
2020-12-29,0.08,0.09,0.1,0.12,0.11,0.12,0.17,0.37,0.66,0.94,1.47,1.67
2020-12-30,0.06,0.06,0.08,0.09,0.12,0.12,0.17,0.37,0.66,0.93,1.46,1.66
2020-12-31,0.08,0.08,0.09,0.09,0.1,0.13,0.17,0.36,0.65,0.93,1.45,1.65
2021-01-04,0.09,0.09,0.09,0.09,0.1,0.11,0.16,0.36,0.64,0.93,1.46,1.66
2021-01-05,0.08,0.09,0.09,0.09,0.1,0.13,0.17,0.38,0.66,0.96,1.49,1.7
2021-01-06,0.09,0.09,0.09,0.09,0.11,0.14,0.2,0.43,0.74,1.04,1.6,1.81
2021-01-07,0.09,0.09,0.09,0.09,0.11,0.14,0.22,0.46,0.78,1.08,1.64,1.85
2021-01-08,0.08,0.08,0.08,0.09,0.1,0.14,0.24,0.49,0.81,1.13,1.67,1.87
2021-01-11,0.09,0.08,0.08,0.1,0.1,0.14,0.22,0.5,0.84,1.15,1.68,1.88
2021-01-12,0.09,0.08,0.09,0.09,0.11,0.14,0.23,0.5,0.83,1.15,1.68,1.88
2021-01-13,0.09,0.08,0.09,0.1,0.12,0.14,0.22,0.48,0.8,1.1,1.63,1.82
2021-01-14,0.09,0.09,0.09,0.09,0.1,0.16,0.23,0.49,0.82,1.15,1.69,1.88
2021-01-15,0.08,0.09,0.09,0.1,0.1,0.13,0.2,0.46,0.78,1.11,1.66,1.85
2021-01-19,0.07,0.09,0.09,0.11,0.1,0.14,0.21,0.45,0.78,1.1,1.65,1.84
2021-01-20,0.08,0.08,0.08,0.1,0.1,0.13,0.19,0.45,0.78,1.1,1.65,1.84
2021-01-21,0.07,0.09,0.09,0.09,0.1,0.13,0.19,0.45,0.79,1.12,1.68,1.87
2021-01-22,0.07,0.08,0.08,0.1,0.1,0.13,0.19,0.44,0.77,1.1,1.66,1.85
2021-01-25,0.07,0.08,0.09,0.09,0.1,0.13,0.17,0.42,0.73,1.05,1.61,1.8
2021-01-26,0.05,0.07,0.07,0.09,0.09,0.11,0.18,0.42,0.74,1.05,1.61,1.8
2021-01-27,0.05,0.06,0.08,0.09,0.09,0.12,0.18,0.41,0.72,1.04,1.6,1.79
2021-01-28,0.05,0.06,0.07,0.08,0.08,0.12,0.18,0.42,0.75,1.07,1.63,1.81
2021-01-29,0.07,0.07,0.06,0.07,0.1,0.11,0.19,0.45,0.79,1.11,1.68,1.87
2021-02-01,0.06,0.07,0.07,0.08,0.08,0.11,0.17,0.42,0.76,1.09,1.66,1.84
2021-02-02,0.04,0.05,0.07,0.08,0.08,0.11,0.18,0.45,0.79,1.12,1.69,1.87
2021-02-03,0.03,0.04,0.04,0.06,0.08,0.11,0.19,0.46,0.81,1.15,1.73,1.92
2021-02-04,0.03,0.04,0.04,0.06,0.07,0.11,0.18,0.46,0.81,1.15,1.75,1.93
2021-02-05,0.02,0.03,0.03,0.05,0.06,0.09,0.19,0.47,0.83,1.19,1.79,1.97
2021-02-08,0.04,0.03,0.05,0.05,0.07,0.11,0.2,0.48,0.83,1.19,1.78,1.96
2021-02-09,0.04,0.04,0.04,0.06,0.07,0.11,0.19,0.48,0.83,1.18,1.78,1.95
2021-02-10,0.05,0.04,0.05,0.06,0.07,0.11,0.19,0.46,0.8,1.15,1.75,1.92
2021-02-11,0.05,0.05,0.05,0.06,0.07,0.11,0.19,0.46,0.81,1.16,1.77,1.94
2021-02-12,0.03,0.04,0.04,0.05,0.06,0.11,0.2,0.5,0.85,1.2,1.83,2.01
2021-02-16,0.03,0.04,0.04,0.06,0.08,0.13,0.23,0.57,0.94,1.3,1.92,2.08
2021-02-17,0.03,0.04,0.04,0.06,0.07,0.11,0.21,0.57,0.94,1.29,1.92,2.06
2021-02-18,0.03,0.03,0.03,0.04,0.06,0.11,0.21,0.56,0.94,1.29,1.91,2.08
2021-02-19,0.03,0.03,0.04,0.06,0.07,0.11,0.22,0.59,0.98,1.34,1.98,2.14
2021-02-22,0.03,0.02,0.03,0.04,0.06,0.11,0.22,0.61,1.0,1.37,2.02,2.19
2021-02-23,0.03,0.02,0.04,0.05,0.08,0.11,0.22,0.59,1.0,1.37,2.03,2.21
2021-02-24,0.03,0.03,0.03,0.05,0.08,0.12,0.24,0.62,1.02,1.38,2.07,2.24
2021-02-25,0.04,0.03,0.04,0.06,0.09,0.17,0.34,0.81,1.23,1.54,2.25,2.33
2021-02-26,0.04,0.04,0.04,0.05,0.08,0.14,0.3,0.75,1.15,1.44,2.08,2.17
2021-03-01,0.03,0.03,0.05,0.07,0.08,0.13,0.27,0.71,1.12,1.45,2.11,2.23
2021-03-02,0.04,0.04,0.04,0.06,0.08,0.13,0.26,0.67,1.08,1.42,2.09,2.21
2021-03-03,0.04,0.04,0.05,0.07,0.08,0.14,0.29,0.73,1.14,1.47,2.12,2.25
2021-03-04,0.03,0.05,0.04,0.07,0.08,0.14,0.32,0.77,1.21,1.54,2.18,2.3
2021-03-05,0.04,0.04,0.04,0.07,0.08,0.14,0.32,0.79,1.23,1.56,2.18,2.28
2021-03-08,0.04,0.04,0.05,0.06,0.09,0.17,0.34,0.86,1.28,1.59,2.2,2.31
2021-03-09,0.04,0.04,0.05,0.07,0.1,0.17,0.35,0.83,1.23,1.55,2.16,2.26
2021-03-10,0.03,0.03,0.04,0.06,0.08,0.16,0.32,0.8,1.2,1.53,2.15,2.24
2021-03-11,0.04,0.04,0.04,0.05,0.08,0.14,0.31,0.78,1.2,1.54,2.18,2.29
2021-03-12,0.03,0.03,0.04,0.06,0.09,0.14,0.34,0.85,1.3,1.64,2.31,2.4
2021-03-15,0.02,0.02,0.04,0.06,0.08,0.14,0.33,0.84,1.28,1.62,2.27,2.37
2021-03-16,0.01,0.02,0.02,0.06,0.07,0.15,0.33,0.83,1.28,1.62,2.3,2.38
2021-03-17,0.01,0.02,0.02,0.05,0.07,0.13,0.29,0.8,1.27,1.63,2.32,2.42
2021-03-18,0.01,0.01,0.01,0.03,0.08,0.16,0.33,0.86,1.35,1.71,2.36,2.45
2021-03-19,0.01,0.01,0.01,0.03,0.07,0.16,0.33,0.9,1.38,1.74,2.36,2.45
2021-03-22,0.02,0.02,0.03,0.05,0.06,0.15,0.32,0.87,1.34,1.69,2.29,2.38
2021-03-23,0.02,0.02,0.01,0.04,0.08,0.15,0.31,0.83,1.29,1.63,2.24,2.34
2021-03-24,0.02,0.02,0.02,0.04,0.07,0.14,0.31,0.83,1.27,1.62,2.21,2.31
2021-03-25,0.02,0.03,0.02,0.04,0.07,0.14,0.3,0.82,1.29,1.63,2.24,2.34
2021-03-26,0.02,0.02,0.02,0.04,0.06,0.14,0.31,0.85,1.32,1.67,2.27,2.37
2021-03-29,0.02,0.03,0.03,0.04,0.06,0.14,0.32,0.89,1.37,1.73,2.32,2.43
2021-03-30,0.01,0.01,0.02,0.04,0.06,0.16,0.33,0.9,1.39,1.73,2.29,2.38
2021-03-31,0.01,0.01,0.03,0.05,0.07,0.16,0.35,0.92,1.4,1.74,2.31,2.41
2021-04-01,0.02,0.02,0.02,0.04,0.06,0.17,0.35,0.9,1.37,1.69,2.24,2.34
2021-04-02,0.02,0.02,0.02,0.04,0.07,0.19,0.39,0.97,1.42,1.72,2.27,2.35
2021-04-05,0.03,0.02,0.03,0.04,0.06,0.17,0.37,0.94,1.4,1.73,2.28,2.36
2021-04-06,0.02,0.02,0.02,0.04,0.06,0.16,0.35,0.88,1.34,1.67,2.24,2.32
2021-04-07,0.01,0.02,0.02,0.04,0.06,0.16,0.34,0.87,1.34,1.68,2.26,2.35
2021-04-08,0.02,0.02,0.01,0.04,0.05,0.14,0.33,0.85,1.3,1.64,2.22,2.32
2021-04-09,0.02,0.01,0.02,0.03,0.06,0.16,0.35,0.87,1.33,1.67,2.23,2.34
2021-04-12,0.02,0.02,0.02,0.04,0.06,0.18,0.38,0.89,1.35,1.69,2.24,2.34
2021-04-13,0.03,0.02,0.03,0.05,0.06,0.16,0.35,0.85,1.29,1.64,2.21,2.32
2021-04-14,0.02,0.02,0.02,0.04,0.06,0.16,0.35,0.87,1.31,1.64,2.22,2.32
2021-04-15,0.02,0.01,0.02,0.04,0.06,0.16,0.32,0.81,1.24,1.56,2.13,2.23
2021-04-16,0.02,0.02,0.02,0.04,0.06,0.16,0.34,0.84,1.26,1.59,2.15,2.26
2021-04-19,0.01,0.02,0.02,0.04,0.08,0.16,0.34,0.85,1.28,1.61,2.18,2.29
2021-04-20,0.01,0.02,0.03,0.04,0.07,0.15,0.31,0.81,1.25,1.58,2.16,2.27
2021-04-21,0.0,0.02,0.03,0.04,0.07,0.15,0.32,0.81,1.24,1.57,2.16,2.26
2021-04-22,0.02,0.02,0.03,0.04,0.06,0.16,0.32,0.81,1.24,1.57,2.13,2.24
2021-04-23,0.01,0.02,0.03,0.03,0.07,0.16,0.34,0.83,1.26,1.58,2.14,2.25
2021-04-26,0.02,0.02,0.03,0.04,0.06,0.18,0.35,0.85,1.27,1.58,2.13,2.24
2021-04-27,0.01,0.02,0.01,0.04,0.06,0.17,0.36,0.88,1.32,1.63,2.18,2.29
2021-04-28,0.01,0.01,0.01,0.04,0.05,0.17,0.35,0.86,1.31,1.63,2.19,2.29
2021-04-29,0.01,0.01,0.01,0.04,0.05,0.16,0.35,0.86,1.32,1.65,2.2,2.31
2021-04-30,0.01,0.02,0.01,0.03,0.05,0.16,0.35,0.86,1.32,1.65,2.19,2.3
2021-05-03,0.02,0.02,0.04,0.04,0.06,0.16,0.33,0.84,1.29,1.63,2.18,2.3
2021-05-04,0.01,0.01,0.02,0.04,0.06,0.16,0.33,0.82,1.28,1.61,2.16,2.27
2021-05-05,0.01,0.01,0.02,0.04,0.06,0.16,0.32,0.8,1.25,1.59,2.14,2.25
2021-05-06,0.01,0.02,0.02,0.04,0.05,0.16,0.32,0.81,1.25,1.58,2.14,2.24
2021-05-07,0.01,0.01,0.02,0.04,0.05,0.14,0.29,0.77,1.24,1.6,2.17,2.28
2021-05-10,0.02,0.01,0.02,0.04,0.05,0.16,0.32,0.8,1.27,1.63,2.2,2.32
2021-05-11,0.01,0.01,0.01,0.04,0.05,0.16,0.31,0.8,1.28,1.64,2.23,2.35
2021-05-12,0.01,0.02,0.02,0.04,0.05,0.16,0.35,0.87,1.34,1.69,2.29,2.4
2021-05-13,0.0,0.01,0.02,0.03,0.05,0.16,0.33,0.84,1.31,1.66,2.28,2.39
2021-05-14,0.01,0.01,0.01,0.03,0.06,0.16,0.33,0.82,1.29,1.63,2.25,2.35
2021-05-17,0.0,0.01,0.02,0.04,0.06,0.16,0.34,0.84,1.3,1.64,2.27,2.36
2021-05-18,0.0,0.01,0.02,0.03,0.06,0.16,0.34,0.83,1.29,1.64,2.27,2.37
2021-05-19,0.0,0.01,0.01,0.03,0.05,0.16,0.35,0.87,1.34,1.68,2.3,2.38
2021-05-20,0.01,0.01,0.01,0.03,0.05,0.15,0.34,0.83,1.29,1.63,2.25,2.34
2021-05-21,0.0,0.01,0.01,0.02,0.04,0.17,0.34,0.84,1.29,1.63,2.24,2.33
2021-05-24,0.01,0.01,0.02,0.03,0.04,0.15,0.32,0.82,1.28,1.61,2.22,2.31
2021-05-25,0.01,0.01,0.02,0.04,0.04,0.15,0.3,0.79,1.23,1.56,2.16,2.26
2021-05-26,0.0,0.0,0.02,0.04,0.04,0.14,0.31,0.8,1.24,1.58,2.17,2.27
2021-05-27,0.0,0.01,0.02,0.04,0.04,0.14,0.31,0.81,1.28,1.61,2.2,2.29
2021-05-28,0.01,0.01,0.01,0.03,0.05,0.14,0.3,0.79,1.24,1.58,2.18,2.26
2021-06-01,0.01,0.01,0.02,0.04,0.04,0.16,0.31,0.81,1.28,1.62,2.22,2.3
2021-06-02,0.01,0.01,0.02,0.04,0.05,0.13,0.3,0.8,1.26,1.59,2.21,2.28
2021-06-03,0.0,0.01,0.02,0.04,0.04,0.16,0.34,0.84,1.3,1.63,2.22,2.3
2021-06-04,0.01,0.02,0.02,0.04,0.05,0.14,0.32,0.78,1.23,1.56,2.16,2.24
2021-06-07,0.01,0.02,0.02,0.04,0.05,0.16,0.33,0.79,1.24,1.57,2.17,2.25
2021-06-08,0.01,0.02,0.02,0.04,0.05,0.14,0.32,0.77,1.2,1.53,2.13,2.21
2021-06-09,0.01,0.02,0.03,0.04,0.05,0.16,0.31,0.75,1.17,1.5,2.1,2.17
2021-06-10,0.01,0.02,0.03,0.04,0.05,0.14,0.3,0.73,1.14,1.45,2.07,2.15
2021-06-11,0.01,0.02,0.03,0.04,0.05,0.16,0.31,0.76,1.16,1.47,2.08,2.15
2021-06-14,0.01,0.02,0.03,0.05,0.05,0.16,0.33,0.8,1.2,1.51,2.12,2.19
2021-06-15,0.02,0.02,0.03,0.05,0.08,0.16,0.34,0.79,1.21,1.51,2.12,2.2
2021-06-16,0.04,0.04,0.04,0.06,0.08,0.21,0.41,0.89,1.29,1.57,2.13,2.2
2021-06-17,0.05,0.04,0.04,0.06,0.08,0.23,0.43,0.9,1.27,1.52,2.05,2.11
2021-06-18,0.05,0.05,0.05,0.06,0.09,0.26,0.47,0.89,1.22,1.45,1.97,2.01
2021-06-21,0.04,0.04,0.05,0.06,0.09,0.27,0.48,0.9,1.25,1.5,2.05,2.11
2021-06-22,0.04,0.05,0.04,0.06,0.09,0.25,0.44,0.87,1.23,1.48,2.03,2.1
2021-06-23,0.04,0.04,0.05,0.05,0.08,0.26,0.47,0.9,1.25,1.5,2.04,2.11
2021-06-24,0.05,0.05,0.05,0.05,0.08,0.26,0.48,0.9,1.26,1.49,2.03,2.1
2021-06-25,0.05,0.05,0.06,0.06,0.09,0.28,0.48,0.92,1.29,1.54,2.09,2.16
2021-06-28,0.04,0.05,0.05,0.06,0.08,0.25,0.47,0.9,1.25,1.49,2.04,2.1
2021-06-29,0.04,0.04,0.04,0.06,0.08,0.27,0.47,0.89,1.24,1.49,2.03,2.1
2021-06-30,0.05,0.05,0.05,0.06,0.07,0.25,0.46,0.87,1.21,1.45,2.0,2.06
2021-07-01,0.05,0.05,0.05,0.05,0.09,0.25,0.47,0.89,1.24,1.48,2.01,2.07
2021-07-02,0.05,0.05,0.05,0.05,0.08,0.24,0.45,0.86,1.19,1.44,1.98,2.05
2021-07-06,0.05,0.05,0.05,0.06,0.07,0.22,0.42,0.81,1.13,1.37,1.92,2.0
2021-07-07,0.05,0.05,0.05,0.05,0.08,0.22,0.41,0.79,1.09,1.33,1.87,1.94
2021-07-08,0.06,0.05,0.06,0.06,0.07,0.19,0.37,0.74,1.06,1.3,1.84,1.91
2021-07-09,0.06,0.05,0.06,0.05,0.08,0.23,0.41,0.79,1.12,1.37,1.91,1.99
2021-07-12,0.05,0.05,0.05,0.06,0.08,0.23,0.43,0.81,1.13,1.38,1.93,2.0
2021-07-13,0.05,0.05,0.05,0.06,0.08,0.26,0.47,0.85,1.16,1.42,1.96,2.04
2021-07-14,0.06,0.05,0.06,0.05,0.08,0.23,0.44,0.8,1.11,1.37,1.91,1.98
2021-07-15,0.05,0.05,0.05,0.05,0.07,0.23,0.43,0.78,1.07,1.31,1.85,1.92
2021-07-16,0.05,0.05,0.05,0.05,0.08,0.25,0.43,0.79,1.08,1.31,1.86,1.93
2021-07-19,0.05,0.05,0.05,0.06,0.07,0.21,0.38,0.7,0.97,1.19,1.74,1.81
2021-07-20,0.05,0.05,0.05,0.06,0.08,0.2,0.37,0.69,0.98,1.23,1.79,1.88
2021-07-21,0.04,0.04,0.05,0.05,0.07,0.22,0.39,0.74,1.05,1.3,1.87,1.94
2021-07-22,0.04,0.04,0.05,0.05,0.07,0.2,0.37,0.71,1.02,1.27,1.82,1.9
2021-07-23,0.05,0.05,0.05,0.05,0.07,0.22,0.38,0.72,1.04,1.3,1.85,1.92
2021-07-26,0.05,0.05,0.05,0.06,0.08,0.22,0.38,0.73,1.04,1.29,1.85,1.93
2021-07-27,0.04,0.05,0.05,0.05,0.07,0.2,0.37,0.71,1.01,1.25,1.81,1.89
2021-07-28,0.04,0.05,0.05,0.05,0.07,0.2,0.38,0.72,1.01,1.26,1.83,1.9
2021-07-29,0.05,0.05,0.06,0.05,0.08,0.2,0.37,0.73,1.04,1.28,1.84,1.91
2021-07-30,0.05,0.05,0.06,0.05,0.07,0.19,0.35,0.69,1.0,1.24,1.81,1.89
2021-08-02,0.05,0.05,0.05,0.06,0.07,0.17,0.33,0.66,0.96,1.2,1.77,1.86
2021-08-03,0.05,0.05,0.05,0.06,0.07,0.17,0.33,0.65,0.95,1.19,1.76,1.85
2021-08-04,0.05,0.05,0.05,0.05,0.07,0.17,0.34,0.67,0.96,1.19,1.74,1.83
2021-08-05,0.05,0.05,0.05,0.06,0.08,0.21,0.38,0.72,1.01,1.23,1.77,1.86
2021-08-06,0.04,0.05,0.06,0.06,0.09,0.21,0.42,0.77,1.07,1.31,1.85,1.94
2021-08-09,0.04,0.05,0.06,0.06,0.08,0.23,0.43,0.79,1.09,1.33,1.87,1.96
2021-08-10,0.05,0.05,0.05,0.05,0.08,0.24,0.47,0.82,1.12,1.36,1.9,1.99
2021-08-11,0.05,0.05,0.05,0.06,0.08,0.23,0.45,0.81,1.11,1.35,1.9,1.99
2021-08-12,0.05,0.06,0.06,0.06,0.09,0.23,0.46,0.83,1.13,1.36,1.92,2.03
2021-08-13,0.04,0.05,0.06,0.05,0.08,0.23,0.44,0.79,1.08,1.29,1.85,1.94
2021-08-16,0.04,0.05,0.06,0.05,0.08,0.21,0.42,0.75,1.04,1.26,1.82,1.92
2021-08-17,0.03,0.05,0.07,0.06,0.07,0.23,0.43,0.77,1.05,1.26,1.82,1.92
2021-08-18,0.03,0.05,0.07,0.05,0.07,0.23,0.43,0.79,1.06,1.27,1.84,1.91
2021-08-19,0.04,0.05,0.06,0.05,0.06,0.22,0.44,0.78,1.04,1.24,1.8,1.88
2021-08-20,0.04,0.05,0.05,0.05,0.06,0.23,0.44,0.8,1.06,1.26,1.79,1.87
2021-08-23,0.04,0.05,0.05,0.06,0.07,0.23,0.43,0.78,1.05,1.25,1.79,1.87
2021-08-24,0.03,0.05,0.05,0.05,0.06,0.24,0.44,0.8,1.08,1.29,1.83,1.91
2021-08-25,0.04,0.05,0.06,0.06,0.07,0.23,0.47,0.84,1.13,1.35,1.88,1.96
2021-08-26,0.04,0.06,0.05,0.06,0.07,0.25,0.46,0.84,1.13,1.34,1.87,1.94
2021-08-27,0.04,0.06,0.05,0.05,0.07,0.22,0.41,0.79,1.09,1.31,1.84,1.91
2021-08-30,0.04,0.07,0.05,0.05,0.08,0.2,0.4,0.77,1.07,1.29,1.82,1.9
2021-08-31,0.03,0.05,0.04,0.06,0.07,0.2,0.4,0.77,1.08,1.3,1.85,1.92
2021-09-01,0.04,0.06,0.05,0.06,0.07,0.2,0.42,0.78,1.08,1.31,1.84,1.92
2021-09-02,0.05,0.07,0.05,0.06,0.07,0.2,0.42,0.78,1.07,1.29,1.83,1.9
2021-09-03,0.04,0.07,0.05,0.05,0.08,0.21,0.42,0.78,1.09,1.33,1.87,1.94
2021-09-07,0.04,0.07,0.05,0.06,0.08,0.22,0.45,0.82,1.14,1.38,1.91,1.99
2021-09-08,0.05,0.06,0.05,0.06,0.08,0.22,0.43,0.81,1.11,1.35,1.88,1.95
2021-09-09,0.07,0.06,0.04,0.05,0.07,0.23,0.43,0.79,1.08,1.3,1.83,1.9
2021-09-10,0.06,0.06,0.05,0.06,0.08,0.23,0.45,0.82,1.12,1.35,1.86,1.94
2021-09-13,0.06,0.08,0.06,0.06,0.07,0.21,0.44,0.81,1.11,1.33,1.83,1.91
2021-09-14,0.05,0.06,0.04,0.05,0.07,0.21,0.43,0.79,1.07,1.28,1.78,1.85
2021-09-15,0.04,0.06,0.04,0.05,0.07,0.21,0.43,0.81,1.1,1.31,1.8,1.87
2021-09-16,0.06,0.06,0.04,0.05,0.07,0.23,0.46,0.84,1.13,1.34,1.83,1.88
2021-09-17,0.06,0.06,0.04,0.05,0.07,0.23,0.47,0.88,1.17,1.37,1.85,1.91
2021-09-20,0.06,0.05,0.04,0.05,0.07,0.23,0.45,0.83,1.12,1.31,1.79,1.85
2021-09-21,0.05,0.04,0.03,0.04,0.07,0.22,0.46,0.84,1.13,1.33,1.81,1.86
2021-09-22,0.04,0.04,0.03,0.05,0.08,0.25,0.48,0.86,1.13,1.32,1.78,1.84
2021-09-23,0.05,0.04,0.03,0.04,0.08,0.27,0.53,0.94,1.22,1.41,1.87,1.92
2021-09-24,0.06,0.04,0.03,0.05,0.08,0.29,0.55,0.97,1.27,1.47,1.94,1.99
2021-09-27,0.06,0.03,0.04,0.05,0.09,0.31,0.56,0.98,1.3,1.48,1.95,1.99
2021-09-28,0.07,0.04,0.04,0.06,0.09,0.31,0.55,1.02,1.34,1.54,2.02,2.07
2021-09-29,0.05,0.04,0.04,0.05,0.09,0.3,0.55,1.01,1.34,1.55,2.04,2.09
2021-09-30,0.07,0.05,0.04,0.05,0.09,0.28,0.53,0.98,1.32,1.52,2.02,2.08
2021-10-01,0.08,0.04,0.04,0.05,0.09,0.27,0.49,0.93,1.26,1.48,1.99,2.04
2021-10-04,0.09,0.04,0.04,0.06,0.09,0.27,0.52,0.95,1.27,1.49,1.99,2.05
2021-10-05,0.1,0.04,0.04,0.06,0.09,0.28,0.54,0.98,1.32,1.54,2.04,2.1
2021-10-06,0.06,0.04,0.04,0.06,0.1,0.3,0.55,0.99,1.32,1.53,2.02,2.08
2021-10-07,0.03,0.09,0.05,0.06,0.1,0.32,0.57,1.02,1.36,1.58,2.08,2.13
2021-10-08,0.02,0.07,0.05,0.07,0.09,0.32,0.59,1.05,1.39,1.61,2.11,2.16
2021-10-12,0.03,0.07,0.06,0.06,0.1,0.35,0.64,1.08,1.39,1.59,2.05,2.1
2021-10-13,0.03,0.06,0.05,0.06,0.11,0.37,0.66,1.09,1.38,1.56,2.0,2.05
2021-10-14,0.05,0.08,0.05,0.06,0.1,0.36,0.62,1.05,1.34,1.52,1.97,2.02
2021-10-15,0.04,0.08,0.05,0.06,0.12,0.41,0.7,1.13,1.42,1.59,2.02,2.05
2021-10-18,0.05,0.09,0.06,0.06,0.11,0.44,0.72,1.16,1.43,1.59,1.99,2.01
2021-10-19,0.06,0.09,0.05,0.06,0.11,0.41,0.71,1.17,1.47,1.65,2.07,2.09
2021-10-20,0.06,0.07,0.05,0.06,0.1,0.4,0.7,1.16,1.46,1.65,2.09,2.12
2021-10-21,0.06,0.08,0.06,0.06,0.12,0.45,0.78,1.23,1.52,1.68,2.1,2.13
2021-10-22,0.05,0.09,0.06,0.07,0.13,0.48,0.79,1.22,1.49,1.66,2.06,2.08
2021-10-25,0.07,0.1,0.06,0.06,0.14,0.47,0.76,1.19,1.47,1.64,2.07,2.09
2021-10-26,0.06,0.08,0.06,0.06,0.14,0.47,0.77,1.2,1.46,1.63,2.03,2.05
2021-10-27,0.06,0.07,0.06,0.07,0.12,0.5,0.77,1.16,1.41,1.54,1.93,1.95
2021-10-28,0.06,0.1,0.06,0.06,0.15,0.5,0.77,1.18,1.44,1.57,1.98,1.96
2021-10-29,0.06,0.08,0.05,0.07,0.15,0.48,0.75,1.18,1.44,1.55,1.98,1.93
2021-11-01,0.05,0.09,0.05,0.06,0.15,0.5,0.79,1.2,1.46,1.58,2.01,1.98
2021-11-02,0.05,0.06,0.05,0.07,0.15,0.46,0.73,1.15,1.42,1.56,1.97,1.96
2021-11-03,0.05,0.07,0.05,0.07,0.17,0.47,0.77,1.19,1.46,1.6,2.01,2.0
2021-11-04,0.05,0.05,0.04,0.07,0.14,0.41,0.69,1.1,1.37,1.53,1.96,1.96
2021-11-05,0.05,0.06,0.05,0.07,0.14,0.39,0.66,1.04,1.3,1.45,1.88,1.87
2021-11-08,0.04,0.06,0.06,0.07,0.16,0.45,0.75,1.13,1.38,1.51,1.91,1.89
2021-11-09,0.04,0.05,0.04,0.06,0.14,0.41,0.71,1.08,1.32,1.46,1.86,1.83
2021-11-10,0.06,0.06,0.05,0.07,0.17,0.51,0.83,1.23,1.45,1.56,1.96,1.92
2021-11-12,0.05,0.05,0.05,0.07,0.17,0.53,0.85,1.24,1.47,1.58,1.99,1.95
2021-11-15,0.06,0.06,0.05,0.06,0.18,0.53,0.87,1.26,1.51,1.63,2.05,2.01
2021-11-16,0.06,0.06,0.05,0.07,0.17,0.54,0.87,1.27,1.52,1.63,2.06,2.02
2021-11-17,0.06,0.05,0.05,0.06,0.18,0.52,0.85,1.24,1.49,1.6,2.04,2.0
2021-11-18,0.12,0.05,0.05,0.06,0.18,0.52,0.84,1.22,1.47,1.59,2.01,1.97
2021-11-19,0.11,0.04,0.05,0.06,0.18,0.52,0.86,1.22,1.45,1.54,1.95,1.91
2021-11-22,0.07,0.03,0.05,0.07,0.2,0.63,0.95,1.33,1.55,1.63,2.03,1.98
2021-11-23,0.06,0.04,0.06,0.07,0.21,0.6,0.95,1.33,1.58,1.67,2.08,2.02
2021-11-24,0.14,0.05,0.06,0.1,0.24,0.64,0.97,1.34,1.58,1.64,2.03,1.96
2021-11-26,0.11,0.04,0.06,0.1,0.2,0.5,0.81,1.16,1.4,1.48,1.89,1.83
2021-11-29,0.07,0.04,0.06,0.1,0.21,0.51,0.83,1.18,1.42,1.52,1.93,1.87
2021-11-30,0.11,0.05,0.05,0.1,0.24,0.52,0.81,1.14,1.36,1.43,1.85,1.78
2021-12-01,0.09,0.04,0.06,0.1,0.25,0.56,0.85,1.15,1.35,1.43,1.84,1.77
2021-12-02,0.05,0.05,0.05,0.09,0.27,0.63,0.9,1.21,1.38,1.44,1.87,1.76
2021-12-03,0.04,0.05,0.06,0.09,0.26,0.6,0.86,1.13,1.29,1.35,1.77,1.69
2021-12-06,0.05,0.05,0.05,0.12,0.28,0.65,0.91,1.21,1.38,1.43,1.84,1.75
2021-12-07,0.05,0.06,0.06,0.15,0.31,0.7,0.99,1.26,1.43,1.48,1.88,1.8
2021-12-08,0.04,0.05,0.07,0.13,0.29,0.68,0.99,1.27,1.44,1.52,1.93,1.87
2021-12-09,0.03,0.06,0.06,0.12,0.28,0.7,0.99,1.26,1.42,1.49,1.91,1.87
2021-12-10,0.03,0.06,0.06,0.13,0.27,0.67,0.98,1.25,1.42,1.48,1.91,1.88
2021-12-13,0.01,0.05,0.05,0.11,0.27,0.66,0.95,1.21,1.37,1.42,1.86,1.81
2021-12-14,0.02,0.05,0.05,0.13,0.26,0.67,0.98,1.23,1.39,1.44,1.87,1.82
2021-12-15,0.03,0.05,0.05,0.13,0.29,0.69,1.0,1.26,1.42,1.47,1.91,1.86
2021-12-16,0.04,0.06,0.05,0.13,0.26,0.64,0.92,1.19,1.36,1.44,1.91,1.87
2021-12-17,0.03,0.04,0.05,0.13,0.27,0.66,0.93,1.18,1.34,1.41,1.87,1.82
2021-12-20,0.03,0.05,0.07,0.16,0.27,0.65,0.91,1.17,1.34,1.43,1.9,1.85
2021-12-21,0.03,0.04,0.07,0.16,0.29,0.7,0.96,1.24,1.4,1.48,1.92,1.89
2021-12-22,0.03,0.04,0.08,0.16,0.28,0.68,0.96,1.23,1.39,1.46,1.89,1.86
2021-12-23,0.04,0.05,0.07,0.18,0.31,0.71,0.97,1.25,1.42,1.5,1.94,1.91
2021-12-27,0.04,0.05,0.06,0.21,0.33,0.76,0.98,1.26,1.41,1.48,1.92,1.88
2021-12-28,0.03,0.04,0.06,0.2,0.39,0.74,0.99,1.27,1.41,1.49,1.94,1.9
2021-12-29,0.01,0.02,0.05,0.19,0.38,0.75,0.99,1.29,1.47,1.55,2.0,1.96
2021-12-30,0.06,0.06,0.05,0.19,0.38,0.73,0.98,1.27,1.44,1.52,1.97,1.93
2021-12-31,0.06,0.05,0.06,0.19,0.39,0.73,0.97,1.26,1.44,1.52,1.94,1.9
2022-01-03,0.05,0.06,0.08,0.22,0.4,0.78,1.04,1.37,1.55,1.63,2.05,2.01
2022-01-04,0.06,0.05,0.08,0.22,0.38,0.77,1.02,1.37,1.57,1.66,2.1,2.07
2022-01-05,0.05,0.06,0.09,0.22,0.41,0.83,1.1,1.43,1.62,1.71,2.12,2.09
2022-01-06,0.04,0.05,0.1,0.23,0.45,0.88,1.15,1.47,1.66,1.73,2.12,2.09
2022-01-07,0.05,0.05,0.1,0.24,0.43,0.87,1.17,1.5,1.69,1.76,2.15,2.11
2022-01-10,0.05,0.06,0.13,0.28,0.46,0.92,1.21,1.53,1.71,1.78,2.15,2.11
2022-01-11,0.04,0.05,0.11,0.28,0.46,0.9,1.22,1.51,1.69,1.75,2.13,2.08
2022-01-12,0.04,0.06,0.12,0.27,0.48,0.92,1.21,1.5,1.67,1.74,2.13,2.08
2022-01-13,0.05,0.05,0.12,0.28,0.47,0.91,1.18,1.47,1.64,1.7,2.1,2.05
2022-01-14,0.05,0.05,0.13,0.3,0.51,0.99,1.26,1.55,1.72,1.78,2.18,2.12
2022-01-18,0.05,0.06,0.16,0.37,0.58,1.06,1.35,1.65,1.82,1.87,2.24,2.18
2022-01-19,0.05,0.06,0.17,0.36,0.57,1.04,1.33,1.62,1.78,1.83,2.2,2.14
2022-01-20,0.05,0.09,0.17,0.36,0.6,1.08,1.34,1.62,1.77,1.83,2.19,2.14
2022-01-21,0.05,0.08,0.17,0.35,0.58,1.01,1.28,1.54,1.7,1.75,2.13,2.07
2022-01-24,0.05,0.09,0.19,0.39,0.58,0.99,1.25,1.53,1.69,1.75,2.15,2.1
2022-01-25,0.05,0.09,0.19,0.39,0.65,1.02,1.28,1.56,1.73,1.78,2.18,2.12
2022-01-26,0.06,0.11,0.19,0.4,0.7,1.13,1.39,1.66,1.81,1.85,2.22,2.16
2022-01-27,0.04,0.14,0.2,0.43,0.75,1.18,1.43,1.66,1.78,1.81,2.17,2.09
2022-01-28,0.04,0.1,0.19,0.43,0.75,1.15,1.38,1.61,1.74,1.78,2.14,2.07
2022-01-31,0.03,0.13,0.22,0.49,0.78,1.18,1.39,1.62,1.75,1.79,2.17,2.11
2022-02-01,0.04,0.1,0.19,0.48,0.78,1.18,1.39,1.63,1.76,1.81,2.19,2.12
2022-02-02,0.04,0.1,0.19,0.45,0.76,1.16,1.38,1.6,1.74,1.78,2.17,2.11
2022-02-03,0.03,0.15,0.2,0.48,0.78,1.19,1.42,1.66,1.78,1.82,2.2,2.14
2022-02-04,0.05,0.12,0.23,0.56,0.89,1.31,1.55,1.78,1.9,1.93,2.29,2.23
2022-02-07,0.03,0.14,0.27,0.58,0.88,1.3,1.54,1.76,1.88,1.92,2.28,2.22
2022-02-08,0.03,0.14,0.25,0.59,0.91,1.35,1.59,1.81,1.93,1.96,2.31,2.25
2022-02-09,0.04,0.15,0.26,0.57,0.91,1.36,1.61,1.82,1.92,1.94,2.31,2.25
2022-02-10,0.05,0.31,0.4,0.74,1.14,1.61,1.82,1.96,2.03,2.03,2.37,2.3
2022-02-11,0.03,0.22,0.36,0.71,1.07,1.5,1.71,1.84,1.92,1.92,2.3,2.24
2022-02-14,0.03,0.25,0.43,0.76,1.13,1.58,1.8,1.9,1.98,1.98,2.35,2.29
2022-02-15,0.02,0.19,0.4,0.72,1.11,1.58,1.8,1.94,2.03,2.05,2.42,2.37
2022-02-16,0.03,0.17,0.38,0.67,1.09,1.52,1.75,1.9,2.0,2.03,2.39,2.34
2022-02-17,0.06,0.23,0.36,0.65,1.05,1.49,1.7,1.85,1.94,1.97,2.35,2.31
2022-02-18,0.03,0.19,0.35,0.65,1.03,1.47,1.68,1.82,1.9,1.92,2.3,2.24
2022-02-22,0.03,0.2,0.37,0.73,1.17,1.56,1.74,1.85,1.93,1.94,2.31,2.24
2022-02-23,0.02,0.2,0.34,0.74,1.16,1.58,1.78,1.89,1.98,1.99,2.36,2.29
2022-02-24,0.05,0.18,0.32,0.65,1.08,1.54,1.73,1.84,1.94,1.96,2.36,2.28
2022-02-25,0.03,0.2,0.33,0.71,1.13,1.55,1.76,1.86,1.96,1.97,2.37,2.29
2022-02-28,0.06,0.2,0.35,0.69,1.01,1.44,1.62,1.71,1.81,1.83,2.25,2.17
2022-03-01,0.11,0.21,0.32,0.6,0.91,1.31,1.47,1.56,1.67,1.72,2.19,2.11
2022-03-02,0.13,0.24,0.34,0.68,1.06,1.5,1.67,1.74,1.83,1.86,2.32,2.24
2022-03-03,0.19,0.25,0.38,0.69,1.08,1.53,1.69,1.74,1.82,1.86,2.32,2.24
2022-03-04,0.15,0.21,0.34,0.69,1.05,1.5,1.62,1.65,1.7,1.74,2.23,2.16
2022-03-07,0.17,0.23,0.38,0.75,1.07,1.55,1.68,1.71,1.77,1.78,2.29,2.19
2022-03-08,0.16,0.24,0.36,0.72,1.12,1.63,1.78,1.8,1.85,1.86,2.34,2.24
2022-03-09,0.18,0.26,0.38,0.75,1.15,1.68,1.83,1.87,1.92,1.94,2.38,2.29
2022-03-10,0.19,0.28,0.39,0.75,1.19,1.72,1.88,1.92,1.98,1.98,2.45,2.38
2022-03-11,0.17,0.28,0.4,0.78,1.22,1.75,1.91,1.96,2.01,2.0,2.45,2.36
2022-03-14,0.23,0.32,0.45,0.86,1.28,1.87,2.04,2.1,2.16,2.14,2.56,2.47
2022-03-15,0.22,0.31,0.46,0.86,1.28,1.85,2.04,2.1,2.16,2.15,2.57,2.49
2022-03-16,0.24,0.3,0.44,0.86,1.35,1.95,2.14,2.18,2.22,2.19,2.56,2.46
2022-03-17,0.2,0.3,0.4,0.81,1.3,1.94,2.14,2.17,2.22,2.2,2.6,2.5
2022-03-18,0.19,0.28,0.42,0.83,1.29,1.97,2.15,2.14,2.17,2.14,2.53,2.42
2022-03-21,0.22,0.33,0.54,0.95,1.4,2.14,2.34,2.33,2.36,2.32,2.67,2.55
2022-03-22,0.2,0.3,0.51,0.96,1.59,2.18,2.38,2.39,2.42,2.38,2.71,2.6
2022-03-23,0.15,0.27,0.5,0.93,1.52,2.13,2.32,2.34,2.37,2.32,2.65,2.52
2022-03-24,0.16,0.31,0.52,0.96,1.55,2.13,2.35,2.37,2.39,2.34,2.63,2.51
2022-03-25,0.17,0.32,0.55,1.01,1.67,2.3,2.51,2.55,2.56,2.48,2.74,2.6
2022-03-28,0.19,0.36,0.59,1.08,1.69,2.35,2.55,2.54,2.55,2.46,2.72,2.57
2022-03-29,0.18,0.34,0.55,1.06,1.67,2.35,2.54,2.49,2.5,2.41,2.68,2.53
2022-03-30,0.16,0.33,0.55,1.04,1.64,2.31,2.49,2.44,2.43,2.35,2.63,2.48
2022-03-31,0.17,0.35,0.52,1.06,1.63,2.28,2.45,2.42,2.4,2.32,2.59,2.44
2022-04-01,0.15,0.37,0.53,1.09,1.72,2.44,2.61,2.55,2.5,2.39,2.6,2.44
2022-04-04,0.18,0.42,0.66,1.14,1.72,2.43,2.61,2.56,2.52,2.42,2.64,2.48
2022-04-05,0.18,0.42,0.65,1.13,1.77,2.51,2.69,2.69,2.65,2.54,2.74,2.57
2022-04-06,0.21,0.44,0.67,1.15,1.79,2.5,2.67,2.7,2.69,2.61,2.81,2.63
2022-04-07,0.21,0.5,0.68,1.15,1.78,2.47,2.66,2.7,2.73,2.66,2.87,2.69
2022-04-08,0.2,0.49,0.7,1.19,1.81,2.53,2.73,2.76,2.79,2.72,2.94,2.76
2022-04-11,0.22,0.54,0.77,1.23,1.85,2.5,2.73,2.79,2.84,2.79,3.02,2.84
2022-04-12,0.21,0.52,0.74,1.2,1.77,2.39,2.58,2.66,2.73,2.72,2.99,2.82
2022-04-13,0.26,0.52,0.75,1.2,1.78,2.37,2.57,2.66,2.71,2.7,2.97,2.81
2022-04-14,0.37,0.57,0.79,1.25,1.84,2.47,2.67,2.79,2.84,2.83,3.09,2.92
2022-04-18,0.38,0.6,0.81,1.27,1.84,2.46,2.68,2.79,2.85,2.85,3.12,2.95
2022-04-19,0.37,0.58,0.81,1.28,1.94,2.61,2.81,2.91,2.95,2.93,3.19,3.01
2022-04-20,0.35,0.56,0.82,1.29,1.93,2.6,2.79,2.87,2.88,2.85,3.08,2.9
2022-04-21,0.5,0.65,0.83,1.32,2.01,2.68,2.87,2.96,2.96,2.9,3.12,2.94
2022-04-22,0.46,0.64,0.83,1.34,2.06,2.72,2.88,2.94,2.95,2.9,3.14,2.95
2022-04-25,0.4,0.61,0.91,1.42,2.03,2.63,2.79,2.84,2.85,2.81,3.06,2.88
2022-04-26,0.38,0.61,0.83,1.4,1.99,2.54,2.72,2.79,2.8,2.77,3.03,2.86
2022-04-27,0.37,0.63,0.82,1.39,1.97,2.58,2.75,2.81,2.84,2.82,3.08,2.91
2022-04-28,0.37,0.71,0.82,1.38,2.04,2.63,2.8,2.86,2.88,2.85,3.1,2.92
2022-04-29,0.37,0.73,0.85,1.41,2.1,2.7,2.87,2.92,2.94,2.89,3.14,2.96
2022-05-02,0.41,0.71,0.9,1.49,2.1,2.73,2.93,3.01,3.04,2.99,3.26,3.07
2022-05-03,0.48,0.77,0.91,1.45,2.16,2.78,2.95,3.01,3.03,2.97,3.21,3.03
2022-05-04,0.49,0.74,0.89,1.44,2.07,2.66,2.85,2.93,2.97,2.93,3.21,3.01
2022-05-05,0.49,0.71,0.85,1.37,2.08,2.71,2.91,3.01,3.07,3.05,3.35,3.15
2022-05-06,0.48,0.72,0.85,1.41,2.08,2.72,2.94,3.06,3.13,3.12,3.43,3.23
2022-05-09,0.51,0.73,0.92,1.43,1.99,2.61,2.81,2.95,3.04,3.05,3.38,3.19
2022-05-10,0.57,0.75,0.89,1.44,2.01,2.62,2.81,2.91,2.99,2.99,3.31,3.12
2022-05-11,0.59,0.77,0.91,1.43,1.99,2.66,2.81,2.89,2.94,2.91,3.25,3.05
2022-05-12,0.61,0.77,0.96,1.44,1.96,2.56,2.73,2.81,2.86,2.84,3.22,3.0
2022-05-13,0.67,0.79,1.03,1.47,2.04,2.61,2.79,2.89,2.95,2.93,3.32,3.1
2022-05-16,0.64,0.85,1.07,1.54,2.07,2.58,2.75,2.83,2.89,2.88,3.3,3.09
2022-05-17,0.61,0.85,1.06,1.57,2.16,2.71,2.89,2.96,3.0,2.98,3.36,3.17
2022-05-18,0.56,0.85,1.03,1.56,2.16,2.68,2.84,2.89,2.91,2.89,3.24,3.07
2022-05-19,0.65,0.91,1.05,1.52,2.11,2.63,2.78,2.84,2.87,2.84,3.24,3.05
2022-05-20,0.63,0.87,1.03,1.51,2.07,2.6,2.73,2.8,2.82,2.78,3.17,2.99
2022-05-23,0.55,0.9,1.07,1.57,2.09,2.65,2.8,2.88,2.9,2.86,3.26,3.08
2022-05-24,0.55,0.88,1.06,1.53,2.02,2.5,2.66,2.76,2.8,2.76,3.16,2.98
2022-05-25,0.58,0.88,1.06,1.52,2.01,2.48,2.63,2.71,2.76,2.75,3.14,2.97
2022-05-26,0.71,0.9,1.07,1.52,1.99,2.46,2.63,2.7,2.75,2.75,3.18,2.99
2022-05-27,0.69,0.91,1.08,1.54,2.01,2.47,2.64,2.71,2.76,2.74,3.16,2.97
2022-05-31,0.73,0.89,1.16,1.64,2.08,2.53,2.71,2.81,2.87,2.85,3.28,3.07
2022-06-01,0.77,0.9,1.15,1.63,2.16,2.66,2.84,2.94,2.98,2.94,3.31,3.09
2022-06-02,0.85,1.05,1.17,1.64,2.15,2.65,2.83,2.92,2.95,2.92,3.3,3.09
2022-06-03,0.87,1.05,1.21,1.68,2.18,2.66,2.87,2.95,2.99,2.96,3.33,3.11
2022-06-06,0.88,1.07,1.26,1.74,2.23,2.73,2.94,3.03,3.07,3.04,3.41,3.19
2022-06-07,0.87,1.08,1.26,1.75,2.26,2.75,2.91,2.99,3.02,2.98,3.35,3.13
2022-06-08,0.89,1.1,1.28,1.77,2.29,2.78,2.94,3.03,3.06,3.03,3.4,3.18
2022-06-09,1.05,1.17,1.3,1.81,2.35,2.83,2.99,3.07,3.08,3.04,3.4,3.18
2022-06-10,1.1,1.25,1.39,1.98,2.58,3.06,3.21,3.25,3.24,3.15,3.45,3.2
2022-06-13,1.13,1.45,1.73,2.25,2.89,3.4,3.56,3.56,3.53,3.43,3.68,3.42
2022-06-14,1.19,1.55,1.83,2.43,3.15,3.45,3.6,3.61,3.6,3.49,3.72,3.45
2022-06-15,1.21,1.56,1.74,2.32,2.93,3.2,3.35,3.38,3.39,3.33,3.64,3.39
2022-06-16,1.19,1.47,1.59,2.24,2.88,3.14,3.33,3.35,3.36,3.28,3.59,3.35
2022-06-17,1.15,1.5,1.63,2.25,2.86,3.17,3.35,3.34,3.34,3.25,3.55,3.3
2022-06-21,1.08,1.48,1.7,2.46,2.92,3.21,3.35,3.38,3.39,3.31,3.63,3.39
2022-06-22,0.98,1.42,1.61,2.4,2.79,3.06,3.2,3.22,3.24,3.16,3.49,3.25
2022-06-23,1.12,1.54,1.65,2.44,2.78,3.01,3.12,3.14,3.16,3.09,3.45,3.21
2022-06-24,1.19,1.6,1.73,2.51,2.83,3.04,3.13,3.18,3.19,3.13,3.51,3.26
2022-06-27,1.16,1.57,1.79,2.56,2.89,3.08,3.21,3.24,3.27,3.2,3.56,3.31
2022-06-28,1.12,1.59,1.79,2.55,2.88,3.1,3.21,3.25,3.27,3.2,3.55,3.3
2022-06-29,1.12,1.53,1.78,2.55,2.88,3.06,3.13,3.15,3.17,3.1,3.46,3.22
2022-06-30,1.28,1.68,1.72,2.51,2.8,2.92,2.99,3.01,3.04,2.98,3.38,3.14
2022-07-01,1.27,1.68,1.73,2.52,2.79,2.84,2.85,2.88,2.92,2.88,3.35,3.11
2022-07-05,1.33,1.71,1.9,2.59,2.77,2.82,2.82,2.82,2.87,2.82,3.31,3.05
2022-07-06,1.36,1.7,1.9,2.62,2.82,2.97,2.99,2.96,2.99,2.93,3.42,3.14
2022-07-07,1.55,1.9,1.95,2.64,2.87,3.03,3.05,3.05,3.07,3.01,3.45,3.2
2022-07-08,1.57,1.92,1.98,2.68,2.96,3.12,3.14,3.13,3.16,3.09,3.53,3.27
2022-07-11,1.58,1.95,2.18,2.79,2.97,3.07,3.09,3.05,3.06,2.99,3.43,3.18
2022-07-12,1.63,2.01,2.22,2.78,3.07,3.03,3.07,3.01,3.01,2.96,3.37,3.13
2022-07-13,1.78,2.2,2.39,2.96,3.21,3.13,3.14,3.02,3.0,2.91,3.35,3.08
2022-07-14,1.99,2.32,2.4,2.93,3.16,3.15,3.16,3.06,3.05,2.96,3.36,3.11
2022-07-15,1.98,2.26,2.37,2.94,3.12,3.13,3.14,3.05,3.03,2.93,3.34,3.1
2022-07-18,1.96,2.28,2.5,3.02,3.13,3.15,3.15,3.06,3.05,2.96,3.39,3.14
2022-07-19,1.93,2.29,2.52,3.06,3.18,3.23,3.22,3.14,3.11,3.01,3.42,3.17
2022-07-20,1.92,2.29,2.51,3.04,3.18,3.25,3.25,3.18,3.15,3.04,3.43,3.17
2022-07-21,2.15,2.3,2.48,3.0,3.11,3.1,3.07,3.0,2.99,2.91,3.33,3.08
2022-07-22,2.15,2.29,2.49,2.97,3.01,2.98,2.93,2.87,2.85,2.77,3.23,3.0
2022-07-25,2.14,2.31,2.62,3.06,3.07,3.0,2.98,2.89,2.89,2.81,3.28,3.04
2022-07-26,2.17,2.35,2.55,3.01,3.06,3.02,3.01,2.89,2.88,2.81,3.27,3.03
2022-07-27,2.14,2.3,2.44,2.93,3.0,2.96,2.93,2.82,2.83,2.78,3.26,3.03
2022-07-28,2.2,2.3,2.42,2.9,2.93,2.85,2.81,2.69,2.69,2.68,3.23,3.02
2022-07-29,2.22,2.28,2.41,2.91,2.98,2.89,2.83,2.7,2.7,2.67,3.2,3.0
2022-08-01,2.22,2.33,2.56,2.96,2.98,2.9,2.82,2.66,2.64,2.6,3.12,2.92
2022-08-02,2.22,2.33,2.56,3.0,3.09,3.06,3.02,2.85,2.82,2.75,3.22,3.0
2022-08-03,2.2,2.29,2.52,3.0,3.14,3.1,3.04,2.86,2.81,2.73,3.17,2.96
2022-08-04,2.19,2.36,2.5,2.98,3.11,3.03,2.95,2.76,2.73,2.68,3.15,2.97
2022-08-05,2.21,2.39,2.58,3.1,3.29,3.24,3.18,2.97,2.91,2.83,3.27,3.06
2022-08-08,2.23,2.43,2.65,3.15,3.3,3.21,3.14,2.91,2.85,2.77,3.22,3.0
2022-08-09,2.23,2.43,2.67,3.16,3.33,3.28,3.2,2.97,2.89,2.8,3.24,3.01
2022-08-10,2.24,2.43,2.65,3.13,3.26,3.23,3.13,2.93,2.86,2.78,3.27,3.04
2022-08-11,2.24,2.51,2.62,3.08,3.25,3.23,3.16,2.98,2.94,2.87,3.38,3.15
2022-08-12,2.23,2.5,2.63,3.13,3.26,3.25,3.18,2.97,2.92,2.84,3.34,3.12
2022-08-15,2.27,2.53,2.72,3.13,3.23,3.2,3.14,2.91,2.86,2.79,3.31,3.1
2022-08-16,2.26,2.51,2.7,3.12,3.26,3.25,3.19,2.95,2.9,2.82,3.31,3.11
2022-08-17,2.22,2.51,2.68,3.15,3.27,3.28,3.27,3.04,2.99,2.89,3.37,3.15
2022-08-18,2.23,2.56,2.71,3.12,3.24,3.22,3.23,3.02,2.97,2.88,3.35,3.14
2022-08-19,2.23,2.6,2.74,3.16,3.26,3.25,3.28,3.11,3.06,2.98,3.44,3.22
2022-08-22,2.27,2.6,2.82,3.23,3.32,3.32,3.36,3.17,3.12,3.03,3.48,3.24
2022-08-23,2.28,2.6,2.8,3.21,3.29,3.29,3.35,3.18,3.14,3.05,3.49,3.26
2022-08-24,2.29,2.62,2.82,3.28,3.35,3.36,3.4,3.2,3.2,3.11,3.55,3.32
2022-08-25,2.42,2.7,2.88,3.25,3.33,3.35,3.37,3.15,3.11,3.03,3.47,3.25
2022-08-26,2.39,2.69,2.89,3.26,3.36,3.37,3.4,3.2,3.14,3.04,3.44,3.21
2022-08-29,2.45,2.75,2.97,3.32,3.43,3.42,3.45,3.27,3.21,3.12,3.5,3.25
2022-08-30,2.43,2.73,2.97,3.31,3.48,3.46,3.47,3.27,3.22,3.11,3.49,3.23
2022-08-31,2.4,2.72,2.96,3.32,3.5,3.45,3.46,3.3,3.25,3.15,3.53,3.27
2022-09-01,2.53,2.8,2.97,3.34,3.51,3.51,3.54,3.39,3.36,3.26,3.64,3.37
2022-09-02,2.49,2.79,2.94,3.33,3.47,3.4,3.44,3.3,3.29,3.2,3.61,3.35
2022-09-06,2.44,2.82,3.04,3.4,3.61,3.5,3.55,3.43,3.41,3.33,3.74,3.49
2022-09-07,2.3,2.8,3.07,3.42,3.6,3.45,3.5,3.37,3.35,3.27,3.67,3.42
2022-09-08,2.57,2.86,3.06,3.44,3.6,3.48,3.54,3.39,3.37,3.29,3.69,3.45
2022-09-09,2.57,2.88,3.08,3.52,3.67,3.56,3.61,3.45,3.42,3.33,3.71,3.47
2022-09-12,2.62,2.93,3.17,3.56,3.7,3.58,3.6,3.47,3.45,3.37,3.76,3.53
2022-09-13,2.55,2.95,3.28,3.75,3.92,3.75,3.75,3.58,3.53,3.42,3.75,3.51
2022-09-14,2.54,2.95,3.24,3.76,3.95,3.78,3.79,3.6,3.52,3.41,3.73,3.47
2022-09-15,2.76,3.03,3.22,3.78,4.0,3.87,3.85,3.66,3.59,3.45,3.75,3.48
2022-09-16,2.68,3.01,3.2,3.77,3.96,3.85,3.81,3.62,3.56,3.45,3.79,3.52
2022-09-19,2.62,3.02,3.37,3.87,4.05,3.95,3.9,3.69,3.62,3.49,3.77,3.52
2022-09-20,2.57,3.05,3.35,3.86,4.03,3.96,3.94,3.75,3.69,3.57,3.83,3.59
2022-09-21,2.59,3.06,3.31,3.86,4.08,4.02,3.98,3.74,3.65,3.51,3.73,3.5
2022-09-22,2.73,3.09,3.29,3.87,4.08,4.11,4.12,3.91,3.84,3.7,3.9,3.65
2022-09-23,2.67,3.07,3.24,3.85,4.15,4.2,4.21,3.96,3.85,3.69,3.87,3.61
2022-09-26,2.73,3.14,3.39,3.95,4.17,4.27,4.37,4.15,4.06,3.88,4.01,3.72
2022-09-27,2.71,3.14,3.35,3.91,4.16,4.3,4.39,4.21,4.14,3.97,4.15,3.87
2022-09-28,2.63,3.14,3.4,3.87,3.99,4.07,4.12,3.92,3.83,3.72,3.98,3.7
2022-09-29,2.78,3.2,3.36,3.87,3.98,4.16,4.19,3.98,3.89,3.76,4.0,3.71
2022-09-30,2.79,3.2,3.33,3.92,4.05,4.22,4.25,4.06,3.97,3.83,4.08,3.79
2022-10-03,2.87,3.26,3.46,3.97,4.01,4.12,4.12,3.9,3.79,3.67,4.0,3.73
2022-10-04,2.91,3.23,3.45,3.98,4.15,4.1,4.08,3.84,3.73,3.62,3.95,3.7
2022-10-05,2.89,3.22,3.46,4.0,4.14,4.15,4.17,3.96,3.87,3.76,4.05,3.78
2022-10-06,3.05,3.34,3.46,4.04,4.19,4.23,4.24,4.05,3.95,3.83,4.08,3.81
2022-10-07,3.03,3.34,3.45,4.09,4.24,4.3,4.33,4.14,4.03,3.89,4.13,3.86
2022-10-11,3.07,3.43,3.67,4.17,4.28,4.3,4.31,4.14,4.06,3.93,4.19,3.92
2022-10-12,3.07,3.45,3.7,4.16,4.28,4.28,4.29,4.12,4.03,3.91,4.18,3.9
2022-10-13,3.35,3.6,3.79,4.3,4.46,4.47,4.44,4.21,4.11,3.97,4.25,3.97
2022-10-14,3.3,3.61,3.81,4.31,4.5,4.48,4.47,4.25,4.15,4.0,4.26,3.99
2022-10-17,3.3,3.66,3.97,4.38,4.5,4.45,4.45,4.24,4.15,4.02,4.29,4.04
2022-10-18,3.25,3.7,4.04,4.39,4.5,4.43,4.43,4.21,4.12,4.01,4.27,4.04
2022-10-19,3.31,3.72,4.07,4.45,4.6,4.55,4.56,4.35,4.26,4.14,4.38,4.15
2022-10-20,3.58,3.83,4.09,4.48,4.66,4.62,4.66,4.45,4.36,4.24,4.47,4.24
2022-10-21,3.55,3.78,4.09,4.43,4.58,4.49,4.52,4.34,4.28,4.21,4.54,4.33
2022-10-24,3.57,3.83,4.16,4.52,4.61,4.5,4.52,4.36,4.31,4.25,4.59,4.4
2022-10-25,3.56,3.81,4.14,4.5,4.6,4.42,4.45,4.25,4.17,4.1,4.45,4.26
2022-10-26,3.54,3.85,4.11,4.47,4.54,4.39,4.41,4.2,4.12,4.04,4.38,4.19
2022-10-27,3.76,3.95,4.13,4.44,4.5,4.3,4.29,4.09,4.01,3.96,4.32,4.12
2022-10-28,3.75,3.95,4.18,4.51,4.55,4.41,4.38,4.19,4.1,4.02,4.38,4.15
2022-10-31,3.73,4.0,4.22,4.57,4.66,4.51,4.45,4.27,4.18,4.1,4.44,4.22
2022-11-01,3.72,4.0,4.23,4.58,4.75,4.54,4.48,4.27,4.18,4.07,4.37,4.14
2022-11-02,3.7,4.01,4.22,4.57,4.76,4.61,4.54,4.3,4.2,4.1,4.41,4.15
2022-11-03,3.75,4.04,4.25,4.57,4.78,4.71,4.63,4.36,4.26,4.14,4.42,4.18
2022-11-04,3.73,4.0,4.21,4.55,4.76,4.66,4.58,4.33,4.26,4.17,4.49,4.27
