DATE,DTB3
1/11/2002,1.41
4/11/2002,1.41
5/11/2002,1.4
6/11/2002,1.21
7/11/2002,1.2
8/11/2002,1.2
12/11/2002,1.2
13/11/2002,1.19
14/11/2002,1.2
15/11/2002,1.2
18/11/2002,1.21
19/11/2002,1.19
20/11/2002,1.2
21/11/2002,1.2
22/11/2002,1.21
25/11/2002,1.22
26/11/2002,1.2
27/11/2002,1.21
29/11/2002,1.2
2/12/2002,1.22
3/12/2002,1.21
4/12/2002,1.2
5/12/2002,1.2
6/12/2002,1.19
9/12/2002,1.21
10/12/2002,1.19
11/12/2002,1.19
12/12/2002,1.19
13/12/2002,1.19
16/12/2002,1.21
17/12/2002,1.2
18/12/2002,1.19
19/12/2002,1.19
20/12/2002,1.19
23/12/2002,1.17
24/12/2002,1.17
26/12/2002,1.16
27/12/2002,1.14
30/12/2002,1.2
31/12/2002,1.2
2/1/2003,1.2
3/1/2003,1.2
6/1/2003,1.19
7/1/2003,1.17
8/1/2003,1.17
9/1/2003,1.18
10/1/2003,1.18
13/1/2003,1.19
14/1/2003,1.17
15/1/2003,1.18
16/1/2003,1.16
17/1/2003,1.16
21/1/2003,1.17
22/1/2003,1.15
23/1/2003,1.15
24/1/2003,1.14
27/1/2003,1.15
28/1/2003,1.16
29/1/2003,1.16
30/1/2003,1.16
31/1/2003,1.16
3/2/2003,1.16
4/2/2003,1.14
5/2/2003,1.16
6/2/2003,1.15
7/2/2003,1.15
10/2/2003,1.15
11/2/2003,1.16
12/2/2003,1.16
13/2/2003,1.15
14/2/2003,1.16
18/2/2003,1.17
19/2/2003,1.16
20/2/2003,1.17
21/2/2003,1.17
24/2/2003,1.19
25/2/2003,1.18
26/2/2003,1.19
27/2/2003,1.19
28/2/2003,1.18
3/3/2003,1.18
4/3/2003,1.17
5/3/2003,1.16
6/3/2003,1.16
7/3/2003,1.1
10/3/2003,1.06
11/3/2003,1.08
12/3/2003,1.08
13/3/2003,1.1
14/3/2003,1.11
17/3/2003,1.13
18/3/2003,1.12
19/3/2003,1.14
20/3/2003,1.15
21/3/2003,1.16
24/3/2003,1.15
25/3/2003,1.16
26/3/2003,1.16
27/3/2003,1.14
28/3/2003,1.12
31/3/2003,1.12
1/4/2003,1.1
2/4/2003,1.11
3/4/2003,1.09
4/4/2003,1.09
7/4/2003,1.15
8/4/2003,1.13
9/4/2003,1.11
10/4/2003,1.12
11/4/2003,1.15
14/4/2003,1.18
15/4/2003,1.16
16/4/2003,1.15
17/4/2003,1.16
21/4/2003,1.16
22/4/2003,1.16
23/4/2003,1.15
24/4/2003,1.13
25/4/2003,1.12
28/4/2003,1.12
29/4/2003,1.13
30/4/2003,1.11
1/5/2003,1.08
2/5/2003,1.1
5/5/2003,1.11
6/5/2003,1.08
7/5/2003,1.09
8/5/2003,1.07
9/5/2003,1.09
12/5/2003,1.08
13/5/2003,1.07
14/5/2003,1.04
15/5/2003,1.04
16/5/2003,1.03
19/5/2003,1.03
20/5/2003,1.02
21/5/2003,1.04
22/5/2003,1.06
23/5/2003,1.06
27/5/2003,1.07
28/5/2003,1.1
29/5/2003,1.08
30/5/2003,1.09
2/6/2003,1.12
3/6/2003,1.06
4/6/2003,1.03
5/6/2003,1.02
6/6/2003,1.03
9/6/2003,1.01
10/6/2003,0.95
11/6/2003,0.92
12/6/2003,0.9
13/6/2003,0.84
16/6/2003,0.85
17/6/2003,0.88
18/6/2003,0.87
19/6/2003,0.8
20/6/2003,0.81
23/6/2003,0.83
24/6/2003,0.81
25/6/2003,0.9
26/6/2003,0.89
27/6/2003,0.85
30/6/2003,0.89
1/7/2003,0.87
2/7/2003,0.85
3/7/2003,0.85
7/7/2003,0.9
8/7/2003,0.9
9/7/2003,0.88
10/7/2003,0.87
11/7/2003,0.87
14/7/2003,0.89
15/7/2003,0.9
16/7/2003,0.89
17/7/2003,0.88
18/7/2003,0.89
21/7/2003,0.91
22/7/2003,0.91
23/7/2003,0.91
24/7/2003,0.91
25/7/2003,0.91
28/7/2003,0.95
29/7/2003,0.97
30/7/2003,0.96
31/7/2003,0.94
1/8/2003,0.93
4/8/2003,0.95
5/8/2003,0.94
6/8/2003,0.93
7/8/2003,0.93
8/8/2003,0.94
11/8/2003,0.94
12/8/2003,0.93
13/8/2003,0.94
14/8/2003,0.94
15/8/2003,0.93
18/8/2003,0.94
19/8/2003,0.94
20/8/2003,0.94
21/8/2003,0.95
22/8/2003,0.96
25/8/2003,1
26/8/2003,0.99
27/8/2003,0.98
28/8/2003,0.97
29/8/2003,0.96
2/9/2003,0.96
3/9/2003,0.95
4/9/2003,0.95
5/9/2003,0.94
8/9/2003,0.95
9/9/2003,0.94
10/9/2003,0.94
11/9/2003,0.94
12/9/2003,0.94
15/9/2003,0.94
16/9/2003,0.91
17/9/2003,0.93
18/9/2003,0.94
19/9/2003,0.93
22/9/2003,0.94
23/9/2003,0.92
24/9/2003,0.93
25/9/2003,0.92
26/9/2003,0.92
29/9/2003,0.95
30/9/2003,0.93
1/10/2003,0.93
2/10/2003,0.92
3/10/2003,0.92
6/10/2003,0.92
7/10/2003,0.9
8/10/2003,0.89
9/10/2003,0.89
10/10/2003,0.9
14/10/2003,0.91
15/10/2003,0.91
16/10/2003,0.91
17/10/2003,0.91
20/10/2003,0.93
21/10/2003,0.91
22/10/2003,0.94
23/10/2003,0.94
24/10/2003,0.93
27/10/2003,0.96
28/10/2003,0.94
29/10/2003,0.94
30/10/2003,0.94
31/10/2003,0.94
3/11/2003,0.94
4/11/2003,0.93
5/11/2003,0.94
6/11/2003,0.94
7/11/2003,0.94
10/11/2003,0.95
12/11/2003,0.93
13/11/2003,0.92
14/11/2003,0.93
17/11/2003,0.94
18/11/2003,0.94
19/11/2003,0.93
20/11/2003,0.93
21/11/2003,0.92
24/11/2003,0.94
25/11/2003,0.93
26/11/2003,0.92
28/11/2003,0.91
1/12/2003,0.93
2/12/2003,0.92
3/12/2003,0.92
4/12/2003,0.91
5/12/2003,0.9
8/12/2003,0.91
9/12/2003,0.91
10/12/2003,0.91
11/12/2003,0.88
12/12/2003,0.89
15/12/2003,0.89
16/12/2003,0.89
17/12/2003,0.88
18/12/2003,0.87
19/12/2003,0.86
22/12/2003,0.89
23/12/2003,0.88
24/12/2003,0.88
26/12/2003,0.85
29/12/2003,0.89
30/12/2003,0.92
31/12/2003,0.93
2/1/2004,0.91
5/1/2004,0.9
6/1/2004,0.9
7/1/2004,0.89
8/1/2004,0.86
9/1/2004,0.85
12/1/2004,0.88
13/1/2004,0.87
14/1/2004,0.86
15/1/2004,0.86
16/1/2004,0.87
20/1/2004,0.88
21/1/2004,0.87
22/1/2004,0.86
23/1/2004,0.88
26/1/2004,0.89
27/1/2004,0.89
28/1/2004,0.92
29/1/2004,0.92
30/1/2004,0.9
2/2/2004,0.93
3/2/2004,0.92
4/2/2004,0.92
5/2/2004,0.92
6/2/2004,0.91
9/2/2004,0.93
10/2/2004,0.93
11/2/2004,0.91
12/2/2004,0.91
13/2/2004,0.9
17/2/2004,0.93
18/2/2004,0.92
19/2/2004,0.92
20/2/2004,0.92
23/2/2004,0.95
24/2/2004,0.95
25/2/2004,0.94
26/2/2004,0.94
27/2/2004,0.94
1/3/2004,0.95
2/3/2004,0.95
3/3/2004,0.95
4/3/2004,0.94
5/3/2004,0.93
8/3/2004,0.95
9/3/2004,0.94
10/3/2004,0.94
11/3/2004,0.95
12/3/2004,0.94
15/3/2004,0.95
16/3/2004,0.94
17/3/2004,0.92
18/3/2004,0.92
19/3/2004,0.92
22/3/2004,0.94
23/3/2004,0.93
24/3/2004,0.92
25/3/2004,0.92
26/3/2004,0.93
29/3/2004,0.95
30/3/2004,0.94
31/3/2004,0.93
1/4/2004,0.92
2/4/2004,0.93
5/4/2004,0.93
6/4/2004,0.92
7/4/2004,0.93
8/4/2004,0.92
12/4/2004,0.93
13/4/2004,0.93
14/4/2004,0.94
15/4/2004,0.93
16/4/2004,0.92
19/4/2004,0.95
20/4/2004,0.96
21/4/2004,0.98
22/4/2004,0.95
23/4/2004,0.96
26/4/2004,0.98
27/4/2004,0.97
28/4/2004,0.96
29/4/2004,0.95
30/4/2004,0.96
3/5/2004,0.99
4/5/2004,0.99
5/5/2004,0.97
6/5/2004,0.98
7/5/2004,1.05
10/5/2004,1.07
11/5/2004,1.04
12/5/2004,1.02
13/5/2004,0.98
14/5/2004,0.97
17/5/2004,1.05
18/5/2004,1.04
19/5/2004,1.02
20/5/2004,1.01
21/5/2004,1.01
24/5/2004,1.06
25/5/2004,1.06
26/5/2004,1.06
27/5/2004,1.04
28/5/2004,1.06
1/6/2004,1.15
2/6/2004,1.15
3/6/2004,1.15
4/6/2004,1.18
7/6/2004,1.23
8/6/2004,1.25
9/6/2004,1.25
10/6/2004,1.27
14/6/2004,1.4
15/6/2004,1.32
16/6/2004,1.28
17/6/2004,1.25
18/6/2004,1.26
21/6/2004,1.32
22/6/2004,1.3
23/6/2004,1.27
24/6/2004,1.26
25/6/2004,1.28
28/6/2004,1.36
29/6/2004,1.36
30/6/2004,1.31
1/7/2004,1.2
2/7/2004,1.27
6/7/2004,1.32
7/7/2004,1.28
8/7/2004,1.25
9/7/2004,1.25
12/7/2004,1.32
13/7/2004,1.32
14/7/2004,1.32
15/7/2004,1.32
16/7/2004,1.32
19/7/2004,1.33
20/7/2004,1.34
21/7/2004,1.33
22/7/2004,1.34
23/7/2004,1.35
26/7/2004,1.43
27/7/2004,1.44
28/7/2004,1.43
29/7/2004,1.42
30/7/2004,1.42
2/8/2004,1.48
3/8/2004,1.46
4/8/2004,1.46
5/8/2004,1.45
6/8/2004,1.41
9/8/2004,1.49
10/8/2004,1.48
11/8/2004,1.42
12/8/2004,1.41
13/8/2004,1.41
16/8/2004,1.47
17/8/2004,1.46
18/8/2004,1.46
19/8/2004,1.45
20/8/2004,1.46
23/8/2004,1.52
24/8/2004,1.52
25/8/2004,1.52
26/8/2004,1.52
27/8/2004,1.53
30/8/2004,1.59
31/8/2004,1.57
1/9/2004,1.55
2/9/2004,1.57
3/9/2004,1.62
7/9/2004,1.64
8/9/2004,1.62
9/9/2004,1.61
10/9/2004,1.63
13/9/2004,1.64
14/9/2004,1.63
15/9/2004,1.64
16/9/2004,1.64
17/9/2004,1.68
20/9/2004,1.7
21/9/2004,1.69
22/9/2004,1.68
23/9/2004,1.69
24/9/2004,1.7
27/9/2004,1.72
28/9/2004,1.69
29/9/2004,1.69
30/9/2004,1.68
1/10/2004,1.67
4/10/2004,1.69
5/10/2004,1.68
6/10/2004,1.68
7/10/2004,1.67
8/10/2004,1.67
12/10/2004,1.69
13/10/2004,1.69
14/10/2004,1.71
15/10/2004,1.72
18/10/2004,1.78
19/10/2004,1.79
20/10/2004,1.79
21/10/2004,1.81
22/10/2004,1.81
25/10/2004,1.87
26/10/2004,1.88
27/10/2004,1.88
28/10/2004,1.87
29/10/2004,1.87
1/11/2004,1.96
2/11/2004,1.94
3/11/2004,1.92
4/11/2004,1.94
5/11/2004,1.99
8/11/2004,2.04
9/11/2004,2.04
10/11/2004,2.04
12/11/2004,2.04
15/11/2004,2.09
16/11/2004,2.1
17/11/2004,2.09
18/11/2004,2.09
19/11/2004,2.1
22/11/2004,2.16
23/11/2004,2.15
24/11/2004,2.14
26/11/2004,2.16
29/11/2004,2.2
30/11/2004,2.19
1/12/2004,2.18
2/12/2004,2.18
3/12/2004,2.17
6/12/2004,2.22
7/12/2004,2.21
8/12/2004,2.2
9/12/2004,2.2
10/12/2004,2.21
13/12/2004,2.21
14/12/2004,2.18
15/12/2004,2.17
16/12/2004,2.16
17/12/2004,2.16
20/12/2004,2.19
21/12/2004,2.17
22/12/2004,2.15
23/12/2004,2.15
27/12/2004,2.24
28/12/2004,2.22
29/12/2004,2.19
30/12/2004,2.18
31/12/2004,2.18
3/1/2005,2.29
4/1/2005,2.3
5/1/2005,2.29
6/1/2005,2.27
7/1/2005,2.28
10/1/2005,2.33
11/1/2005,2.31
12/1/2005,2.3
13/1/2005,2.31
14/1/2005,2.32
18/1/2005,2.36
19/1/2005,2.33
20/1/2005,2.31
21/1/2005,2.31
24/1/2005,2.34
25/1/2005,2.36
26/1/2005,2.37
27/1/2005,2.4
28/1/2005,2.41
31/1/2005,2.48
1/2/2005,2.47
2/2/2005,2.47
3/2/2005,2.44
4/2/2005,2.43
7/2/2005,2.48
8/2/2005,2.48
9/2/2005,2.47
10/2/2005,2.47
11/2/2005,2.5
14/2/2005,2.55
15/2/2005,2.55
16/2/2005,2.53
17/2/2005,2.53
18/2/2005,2.56
22/2/2005,2.63
23/2/2005,2.63
24/2/2005,2.64
25/2/2005,2.69
28/2/2005,2.72
1/3/2005,2.7
2/3/2005,2.68
3/3/2005,2.7
4/3/2005,2.7
7/3/2005,2.71
8/3/2005,2.7
9/3/2005,2.7
10/3/2005,2.69
11/3/2005,2.7
14/3/2005,2.75
15/3/2005,2.75
16/3/2005,2.74
17/3/2005,2.73
18/3/2005,2.75
21/3/2005,2.8
22/3/2005,2.83
23/3/2005,2.77
24/3/2005,2.78
28/3/2005,2.79
29/3/2005,2.78
30/3/2005,2.77
31/3/2005,2.73
1/4/2005,2.74
4/4/2005,2.75
5/4/2005,2.74
6/4/2005,2.71
7/4/2005,2.71
8/4/2005,2.73
11/4/2005,2.71
12/4/2005,2.71
13/4/2005,2.72
14/4/2005,2.72
15/4/2005,2.73
18/4/2005,2.85
19/4/2005,2.85
20/4/2005,2.81
21/4/2005,2.82
22/4/2005,2.87
25/4/2005,2.88
26/4/2005,2.86
27/4/2005,2.83
28/4/2005,2.82
29/4/2005,2.84
2/5/2005,2.88
3/5/2005,2.85
4/5/2005,2.81
5/5/2005,2.75
6/5/2005,2.8
9/5/2005,2.86
10/5/2005,2.84
11/5/2005,2.81
12/5/2005,2.82
13/5/2005,2.76
16/5/2005,2.84
17/5/2005,2.82
18/5/2005,2.8
19/5/2005,2.81
20/5/2005,2.83
23/5/2005,2.91
24/5/2005,2.88
25/5/2005,2.89
26/5/2005,2.88
27/5/2005,2.9
31/5/2005,2.93
1/6/2005,2.91
2/6/2005,2.91
3/6/2005,2.94
6/6/2005,2.96
7/6/2005,2.96
8/6/2005,2.96
9/6/2005,2.93
10/6/2005,2.94
13/6/2005,2.97
14/6/2005,2.95
15/6/2005,2.94
16/6/2005,2.91
17/6/2005,2.92
20/6/2005,2.96
21/6/2005,2.96
22/6/2005,2.97
23/6/2005,3
24/6/2005,3.02
27/6/2005,3.09
28/6/2005,3.08
29/6/2005,3.06
30/6/2005,3.06
1/7/2005,3.1
5/7/2005,3.15
6/7/2005,3.12
7/7/2005,3.08
8/7/2005,3.1
11/7/2005,3.13
12/7/2005,3.14
13/7/2005,3.15
14/7/2005,3.16
15/7/2005,3.18
18/7/2005,3.23
19/7/2005,3.24
20/7/2005,3.23
21/7/2005,3.27
22/7/2005,3.3
25/7/2005,3.37
26/7/2005,3.36
27/7/2005,3.33
28/7/2005,3.33
29/7/2005,3.34
1/8/2005,3.41
2/8/2005,3.41
3/8/2005,3.38
4/8/2005,3.39
5/8/2005,3.44
8/8/2005,3.47
9/8/2005,3.44
10/8/2005,3.43
11/8/2005,3.43
12/8/2005,3.44
15/8/2005,3.47
16/8/2005,3.46
17/8/2005,3.44
18/8/2005,3.42
19/8/2005,3.44
22/8/2005,3.46
23/8/2005,3.46
24/8/2005,3.45
25/8/2005,3.46
26/8/2005,3.47
29/8/2005,3.47
30/8/2005,3.46
31/8/2005,3.44
1/9/2005,3.4
2/9/2005,3.38
6/9/2005,3.45
7/9/2005,3.41
8/9/2005,3.4
9/9/2005,3.41
12/9/2005,3.44
13/9/2005,3.4
14/9/2005,3.35
15/9/2005,3.37
16/9/2005,3.42
19/9/2005,3.51
20/9/2005,3.54
21/9/2005,3.34
22/9/2005,3.39
23/9/2005,3.4
26/9/2005,3.46
27/9/2005,3.42
28/9/2005,3.39
29/9/2005,3.46
30/9/2005,3.47
3/10/2005,3.54
4/10/2005,3.55
5/10/2005,3.5
6/10/2005,3.52
7/10/2005,3.54
11/10/2005,3.65
12/10/2005,3.62
13/10/2005,3.66
14/10/2005,3.69
17/10/2005,3.78
18/10/2005,3.77
19/10/2005,3.77
20/10/2005,3.76
21/10/2005,3.77
24/10/2005,3.84
25/10/2005,3.84
26/10/2005,3.81
27/10/2005,3.79
28/10/2005,3.83
31/10/2005,3.89
1/11/2005,3.87
2/11/2005,3.85
3/11/2005,3.85
4/11/2005,3.88
7/11/2005,3.87
8/11/2005,3.87
9/11/2005,3.9
10/11/2005,3.88
14/11/2005,3.93
15/11/2005,3.92
16/11/2005,3.91
17/11/2005,3.92
18/11/2005,3.91
21/11/2005,3.91
22/11/2005,3.84
23/11/2005,3.86
25/11/2005,3.86
28/11/2005,3.89
29/11/2005,3.89
30/11/2005,3.86
1/12/2005,3.88
2/12/2005,3.9
5/12/2005,3.95
6/12/2005,3.95
7/12/2005,3.94
8/12/2005,3.85
9/12/2005,3.85
12/12/2005,3.83
13/12/2005,3.83
14/12/2005,3.81
15/12/2005,3.84
16/12/2005,3.84
19/12/2005,3.89
20/12/2005,3.88
21/12/2005,3.9
22/12/2005,3.89
23/12/2005,3.9
27/12/2005,3.9
28/12/2005,3.87
29/12/2005,3.92
30/12/2005,3.99
3/1/2006,4.07
4/1/2006,4.09
5/1/2006,4.1
6/1/2006,4.12
9/1/2006,4.14
10/1/2006,4.19
11/1/2006,4.2
12/1/2006,4.22
13/1/2006,4.23
17/1/2006,4.28
18/1/2006,4.25
19/1/2006,4.25
20/1/2006,4.25
23/1/2006,4.28
24/1/2006,4.3
25/1/2006,4.32
26/1/2006,4.34
27/1/2006,4.34
30/1/2006,4.38
31/1/2006,4.37
1/2/2006,4.37
2/2/2006,4.37
3/2/2006,4.37
6/2/2006,4.38
7/2/2006,4.39
8/2/2006,4.4
9/2/2006,4.41
10/2/2006,4.42
13/2/2006,4.45
14/2/2006,4.45
15/2/2006,4.44
16/2/2006,4.44
17/2/2006,4.43
21/2/2006,4.46
22/2/2006,4.46
23/2/2006,4.48
24/2/2006,4.49
27/2/2006,4.51
28/2/2006,4.51
1/3/2006,4.49
2/3/2006,4.5
3/3/2006,4.5
6/3/2006,4.49
7/3/2006,4.49
8/3/2006,4.47
9/3/2006,4.48
10/3/2006,4.5
13/3/2006,4.5
14/3/2006,4.48
15/3/2006,4.51
16/3/2006,4.5
17/3/2006,4.52
20/3/2006,4.55
21/3/2006,4.57
22/3/2006,4.57
23/3/2006,4.55
24/3/2006,4.54
27/3/2006,4.51
28/3/2006,4.53
29/3/2006,4.51
30/3/2006,4.5
31/3/2006,4.52
3/4/2006,4.55
4/4/2006,4.56
5/4/2006,4.55
6/4/2006,4.56
7/4/2006,4.57
10/4/2006,4.58
11/4/2006,4.58
12/4/2006,4.58
13/4/2006,4.58
17/4/2006,4.61
18/4/2006,4.61
19/4/2006,4.61
20/4/2006,4.61
21/4/2006,4.63
24/4/2006,4.64
25/4/2006,4.67
26/4/2006,4.67
27/4/2006,4.66
28/4/2006,4.65
1/5/2006,4.7
2/5/2006,4.69
3/5/2006,4.7
4/5/2006,4.68
5/5/2006,4.7
8/5/2006,4.75
9/5/2006,4.76
10/5/2006,4.76
11/5/2006,4.7
12/5/2006,4.72
15/5/2006,4.74
16/5/2006,4.71
17/5/2006,4.71
18/5/2006,4.71
19/5/2006,4.7
22/5/2006,4.71
23/5/2006,4.72
24/5/2006,4.7
25/5/2006,4.7
26/5/2006,4.72
30/5/2006,4.72
31/5/2006,4.74
1/6/2006,4.71
2/6/2006,4.69
5/6/2006,4.73
6/6/2006,4.74
7/6/2006,4.74
8/6/2006,4.74
9/6/2006,4.75
12/6/2006,4.81
13/6/2006,4.77
14/6/2006,4.77
15/6/2006,4.72
16/6/2006,4.75
19/6/2006,4.81
20/6/2006,4.8
21/6/2006,4.79
22/6/2006,4.79
23/6/2006,4.84
26/6/2006,4.91
27/6/2006,4.92
28/6/2006,4.88
29/6/2006,4.88
30/6/2006,4.87
3/7/2006,4.96
5/7/2006,4.88
6/7/2006,4.87
7/7/2006,4.89
10/7/2006,4.93
11/7/2006,4.92
12/7/2006,4.93
13/7/2006,4.92
14/7/2006,4.93
17/7/2006,4.98
18/7/2006,5
19/7/2006,4.98
20/7/2006,4.95
21/7/2006,4.96
24/7/2006,4.97
25/7/2006,5
26/7/2006,4.98
27/7/2006,4.97
28/7/2006,4.94
31/7/2006,4.97
1/8/2006,4.99
2/8/2006,4.97
3/8/2006,4.98
4/8/2006,4.96
7/8/2006,4.99
8/8/2006,4.97
9/8/2006,4.94
10/8/2006,4.92
11/8/2006,4.94
14/8/2006,4.99
15/8/2006,4.97
16/8/2006,4.94
17/8/2006,4.96
18/8/2006,4.97
21/8/2006,4.98
22/8/2006,4.97
23/8/2006,4.96
24/8/2006,4.96
25/8/2006,4.98
28/8/2006,4.97
29/8/2006,4.94
30/8/2006,4.92
31/8/2006,4.92
1/9/2006,4.89
5/9/2006,4.87
6/9/2006,4.84
7/9/2006,4.84
8/9/2006,4.8
11/9/2006,4.81
12/9/2006,4.78
13/9/2006,4.79
14/9/2006,4.82
15/9/2006,4.83
18/9/2006,4.82
19/9/2006,4.82
20/9/2006,4.81
21/9/2006,4.79
22/9/2006,4.8
25/9/2006,4.76
26/9/2006,4.76
27/9/2006,4.76
28/9/2006,4.75
29/9/2006,4.77
2/10/2006,4.76
3/10/2006,4.78
4/10/2006,4.8
5/10/2006,4.81
6/10/2006,4.82
10/10/2006,4.87
11/10/2006,4.89
12/10/2006,4.93
13/10/2006,4.92
16/10/2006,4.96
17/10/2006,4.96
18/10/2006,4.96
19/10/2006,4.97
20/10/2006,4.96
23/10/2006,4.99
24/10/2006,5
25/10/2006,4.99
26/10/2006,4.99
27/10/2006,4.98
30/10/2006,4.97
31/10/2006,4.95
1/11/2006,4.94
2/11/2006,4.94
3/11/2006,4.96
6/11/2006,4.96
7/11/2006,4.95
8/11/2006,4.97
9/11/2006,4.96
10/11/2006,4.97
13/11/2006,4.96
14/11/2006,4.96
15/11/2006,4.96
16/11/2006,4.96
17/11/2006,4.96
20/11/2006,4.95
21/11/2006,4.94
22/11/2006,4.92
24/11/2006,4.91
27/11/2006,4.92
28/11/2006,4.91
29/11/2006,4.91
30/11/2006,4.9
1/12/2006,4.9
4/12/2006,4.88
5/12/2006,4.86
6/12/2006,4.86
7/12/2006,4.85
8/12/2006,4.84
11/12/2006,4.81
12/12/2006,4.81
13/12/2006,4.82
14/12/2006,4.83
15/12/2006,4.79
18/12/2006,4.84
19/12/2006,4.84
20/12/2006,4.84
21/12/2006,4.84
22/12/2006,4.86
26/12/2006,4.87
27/12/2006,4.85
28/12/2006,4.87
29/12/2006,4.89
2/1/2007,4.94
3/1/2007,4.92
4/1/2007,4.91
5/1/2007,4.92
8/1/2007,4.95
9/1/2007,4.95
10/1/2007,4.96
11/1/2007,4.98
12/1/2007,4.96
16/1/2007,4.98
17/1/2007,4.99
18/1/2007,4.99
19/1/2007,5.01
22/1/2007,5
23/1/2007,5.01
24/1/2007,5
25/1/2007,5.01
26/1/2007,5
29/1/2007,5.01
30/1/2007,5
31/1/2007,4.99
1/2/2007,5
2/2/2007,5.01
5/2/2007,5.02
6/2/2007,5.01
7/2/2007,5.02
8/2/2007,5.03
9/2/2007,5.02
12/2/2007,5.04
13/2/2007,5.03
14/2/2007,5.02
15/2/2007,5.03
16/2/2007,5.04
20/2/2007,5.05
21/2/2007,5.04
22/2/2007,5.05
23/2/2007,5.05
26/2/2007,5.05
27/2/2007,4.99
28/2/2007,5.01
1/3/2007,5
2/3/2007,4.98
5/3/2007,4.97
6/3/2007,4.99
7/3/2007,4.97
8/3/2007,4.95
9/3/2007,4.96
12/3/2007,4.96
13/3/2007,4.94
14/3/2007,4.92
15/3/2007,4.91
16/3/2007,4.9
19/3/2007,4.93
20/3/2007,4.92
21/3/2007,4.91
22/3/2007,4.92
23/3/2007,4.94
26/3/2007,4.93
27/3/2007,4.93
28/3/2007,4.92
29/3/2007,4.91
30/3/2007,4.9
2/4/2007,4.91
3/4/2007,4.91
4/4/2007,4.92
5/4/2007,4.9
6/4/2007,4.91
9/4/2007,4.89
10/4/2007,4.89
11/4/2007,4.9
12/4/2007,4.89
13/4/2007,4.88
16/4/2007,4.88
17/4/2007,4.87
18/4/2007,4.86
19/4/2007,4.85
20/4/2007,4.85
23/4/2007,4.85
24/4/2007,4.84
25/4/2007,4.83
26/4/2007,4.82
27/4/2007,4.81
30/4/2007,4.79
1/5/2007,4.76
2/5/2007,4.77
3/5/2007,4.76
4/5/2007,4.76
7/5/2007,4.77
8/5/2007,4.76
9/5/2007,4.74
10/5/2007,4.73
11/5/2007,4.73
14/5/2007,4.73
15/5/2007,4.7
16/5/2007,4.62
17/5/2007,4.68
18/5/2007,4.7
21/5/2007,4.76
22/5/2007,4.79
23/5/2007,4.77
24/5/2007,4.77
25/5/2007,4.75
29/5/2007,4.76
30/5/2007,4.71
31/5/2007,4.6
1/6/2007,4.66
4/6/2007,4.68
5/6/2007,4.7
6/6/2007,4.67
7/6/2007,4.67
8/6/2007,4.64
11/6/2007,4.6
12/6/2007,4.59
13/6/2007,4.53
14/6/2007,4.52
15/6/2007,4.43
18/6/2007,4.51
19/6/2007,4.52
20/6/2007,4.61
21/6/2007,4.57
22/6/2007,4.59
25/6/2007,4.69
26/6/2007,4.69
27/6/2007,4.64
28/6/2007,4.64
29/6/2007,4.68
2/7/2007,4.81
3/7/2007,4.81
5/7/2007,4.81
6/7/2007,4.81
9/7/2007,4.83
10/7/2007,4.81
11/7/2007,4.81
12/7/2007,4.83
13/7/2007,4.83
16/7/2007,4.84
17/7/2007,4.82
18/7/2007,4.82
19/7/2007,4.84
20/7/2007,4.83
23/7/2007,4.88
24/7/2007,4.88
25/7/2007,4.85
26/7/2007,4.78
27/7/2007,4.72
30/7/2007,4.82
31/7/2007,4.82
1/8/2007,4.75
2/8/2007,4.75
3/8/2007,4.72
6/8/2007,4.74
7/8/2007,4.8
8/8/2007,4.81
9/8/2007,4.67
10/8/2007,4.44
13/8/2007,4.61
14/8/2007,4.51
15/8/2007,4.1
16/8/2007,3.69
17/8/2007,3.65
20/8/2007,3.08
21/8/2007,3.51
22/8/2007,3.58
23/8/2007,3.79
24/8/2007,4.13
27/8/2007,4.5
28/8/2007,4.28
29/8/2007,3.88
30/8/2007,3.74
31/8/2007,3.91
4/9/2007,4.35
5/9/2007,4.24
6/9/2007,4.18
7/9/2007,3.96
10/9/2007,3.86
11/9/2007,4
12/9/2007,3.93
13/9/2007,3.97
14/9/2007,3.9
17/9/2007,4.05
18/9/2007,3.91
19/9/2007,3.83
20/9/2007,3.69
21/9/2007,3.64
24/9/2007,3.76
25/9/2007,3.7
26/9/2007,3.64
27/9/2007,3.62
28/9/2007,3.72
1/10/2007,3.83
2/10/2007,3.86
3/10/2007,3.86
4/10/2007,3.85
5/10/2007,3.89
9/10/2007,3.96
10/10/2007,3.95
11/10/2007,4.01
12/10/2007,4.09
15/10/2007,4.19
16/10/2007,4.14
17/10/2007,3.91
18/10/2007,3.66
19/10/2007,3.75
22/10/2007,3.9
23/10/2007,3.88
24/10/2007,3.75
25/10/2007,3.84
26/10/2007,3.86
29/10/2007,3.91
30/10/2007,3.86
31/10/2007,3.84
1/11/2007,3.71
2/11/2007,3.52
5/11/2007,3.62
6/11/2007,3.66
7/11/2007,3.4
8/11/2007,3.3
9/11/2007,3.19
13/11/2007,3.41
14/11/2007,3.33
15/11/2007,3.22
16/11/2007,3.32
19/11/2007,3.32
20/11/2007,3.17
21/11/2007,3.02
23/11/2007,3.15
26/11/2007,3.06
27/11/2007,3.08
28/11/2007,2.98
29/11/2007,2.92
30/11/2007,3.08
3/12/2007,2.99
4/12/2007,3
5/12/2007,3
6/12/2007,3.02
7/12/2007,3.04
10/12/2007,2.98
11/12/2007,2.87
12/12/2007,2.81
13/12/2007,2.8
14/12/2007,2.81
17/12/2007,3.01
18/12/2007,2.98
19/12/2007,2.85
20/12/2007,2.85
21/12/2007,2.92
24/12/2007,3.26
26/12/2007,3.24
27/12/2007,3.09
28/12/2007,3.1
31/12/2007,3.29
2/1/2008,3.18
3/1/2008,3.16
4/1/2008,3.12
7/1/2008,3.19
8/1/2008,3.17
9/1/2008,3.14
10/1/2008,3.16
11/1/2008,3.02
14/1/2008,3.11
15/1/2008,3.09
16/1/2008,3.06
17/1/2008,3
18/1/2008,2.79
22/1/2008,2.3
23/1/2008,2.16
24/1/2008,2.32
25/1/2008,2.25
28/1/2008,2.29
29/1/2008,2.23
30/1/2008,2.16
31/1/2008,1.92
1/2/2008,2.06
4/2/2008,2.22
5/2/2008,2.14
6/2/2008,2.05
7/2/2008,2.12
8/2/2008,2.18
11/2/2008,2.25
12/2/2008,2.25
13/2/2008,2.22
14/2/2008,2.26
15/2/2008,2.16
19/2/2008,2.23
20/2/2008,2.2
21/2/2008,2.15
22/2/2008,2.15
25/2/2008,2.15
26/2/2008,2.09
27/2/2008,1.94
28/2/2008,1.86
29/2/2008,1.81
3/3/2008,1.67
4/3/2008,1.63
5/3/2008,1.5
6/3/2008,1.37
7/3/2008,1.42
10/3/2008,1.33
11/3/2008,1.45
12/3/2008,1.45
13/3/2008,1.33
14/3/2008,1.16
17/3/2008,1.09
18/3/2008,0.91
19/3/2008,0.6
20/3/2008,0.62
24/3/2008,1.23
25/3/2008,1.27
26/3/2008,1.27
27/3/2008,1.28
28/3/2008,1.31
31/3/2008,1.36
1/4/2008,1.38
2/4/2008,1.39
3/4/2008,1.38
4/4/2008,1.33
7/4/2008,1.43
8/4/2008,1.39
9/4/2008,1.29
10/4/2008,1.25
11/4/2008,1.17
14/4/2008,1.07
15/4/2008,1.09
16/4/2008,1.11
17/4/2008,1.21
18/4/2008,1.32
21/4/2008,1.33
22/4/2008,1.26
23/4/2008,1.24
24/4/2008,1.24
25/4/2008,1.31
28/4/2008,1.42
29/4/2008,1.44
30/4/2008,1.41
1/5/2008,1.42
2/5/2008,1.47
5/5/2008,1.51
6/5/2008,1.6
7/5/2008,1.64
8/5/2008,1.63
9/5/2008,1.66
12/5/2008,1.74
13/5/2008,1.8
14/5/2008,1.79
15/5/2008,1.8
16/5/2008,1.81
19/5/2008,1.79
20/5/2008,1.83
21/5/2008,1.83
22/5/2008,1.83
23/5/2008,1.82
27/5/2008,1.86
28/5/2008,1.86
29/5/2008,1.87
30/5/2008,1.85
2/6/2008,1.82
3/6/2008,1.82
4/6/2008,1.81
5/6/2008,1.82
6/6/2008,1.81
9/6/2008,1.86
10/6/2008,1.98
11/6/2008,1.92
12/6/2008,1.96
13/6/2008,1.95
16/6/2008,2.04
17/6/2008,1.96
18/6/2008,1.89
19/6/2008,1.87
20/6/2008,1.83
23/6/2008,1.85
24/6/2008,1.8
25/6/2008,1.78
26/6/2008,1.7
27/6/2008,1.64
30/6/2008,1.87
1/7/2008,1.84
2/7/2008,1.79
3/7/2008,1.81
7/7/2008,1.84
8/7/2008,1.83
9/7/2008,1.79
10/7/2008,1.64
11/7/2008,1.58
14/7/2008,1.5
15/7/2008,1.37
16/7/2008,1.35
17/7/2008,1.4
18/7/2008,1.45
21/7/2008,1.46
22/7/2008,1.52
23/7/2008,1.56
24/7/2008,1.62
25/7/2008,1.71
28/7/2008,1.7
29/7/2008,1.69
30/7/2008,1.67
31/7/2008,1.65
1/8/2008,1.63
4/8/2008,1.72
5/8/2008,1.72
6/8/2008,1.61
7/8/2008,1.63
8/8/2008,1.67
11/8/2008,1.84
12/8/2008,1.83
13/8/2008,1.82
14/8/2008,1.85
15/8/2008,1.81
18/8/2008,1.79
19/8/2008,1.77
20/8/2008,1.68
21/8/2008,1.69
22/8/2008,1.67
25/8/2008,1.71
26/8/2008,1.68
27/8/2008,1.64
28/8/2008,1.71
29/8/2008,1.69
2/9/2008,1.69
3/9/2008,1.67
4/9/2008,1.66
5/9/2008,1.65
8/9/2008,1.69
9/9/2008,1.63
10/9/2008,1.62
11/9/2008,1.58
12/9/2008,1.46
15/9/2008,1.03
16/9/2008,0.84
17/9/2008,0.03
18/9/2008,0.23
19/9/2008,0.97
22/9/2008,1.29
23/9/2008,0.81
24/9/2008,0.5
25/9/2008,0.75
26/9/2008,0.86
29/9/2008,0.96
30/9/2008,0.9
1/10/2008,0.84
2/10/2008,0.62
3/10/2008,0.5
6/10/2008,0.54
7/10/2008,0.81
8/10/2008,0.67
9/10/2008,0.58
10/10/2008,0.24
14/10/2008,0.34
15/10/2008,0.22
16/10/2008,0.45
17/10/2008,0.8
20/10/2008,1.24
21/10/2008,1.09
22/10/2008,1.03
23/10/2008,0.96
24/10/2008,0.86
27/10/2008,0.84
28/10/2008,0.76
29/10/2008,0.61
30/10/2008,0.4
31/10/2008,0.44
3/11/2008,0.49
4/11/2008,0.48
5/11/2008,0.39
6/11/2008,0.31
7/11/2008,0.3
10/11/2008,0.29
12/11/2008,0.18
13/11/2008,0.21
14/11/2008,0.14
17/11/2008,0.12
18/11/2008,0.12
19/11/2008,0.07
20/11/2008,0.03
21/11/2008,0.02
24/11/2008,0.13
25/11/2008,0.1
26/11/2008,0.05
28/11/2008,0.01
1/12/2008,0.07
2/12/2008,0.06
3/12/2008,0.02
4/12/2008,0.02
5/12/2008,0.02
8/12/2008,0.03
9/12/2008,0.03
10/12/2008,0
11/12/2008,0.01
12/12/2008,0.02
15/12/2008,0.04
16/12/2008,0.04
17/12/2008,0.05
18/12/2008,0
19/12/2008,0.02
22/12/2008,0.01
23/12/2008,0.02
24/12/2008,0
26/12/2008,0.03
29/12/2008,0.06
30/12/2008,0.1
31/12/2008,0.11
2/1/2009,0.08
5/1/2009,0.14
6/1/2009,0.14
7/1/2009,0.11
8/1/2009,0.09
9/1/2009,0.07
12/1/2009,0.12
13/1/2009,0.11
14/1/2009,0.12
15/1/2009,0.11
16/1/2009,0.12
20/1/2009,0.13
21/1/2009,0.11
22/1/2009,0.1
23/1/2009,0.11
26/1/2009,0.15
27/1/2009,0.13
28/1/2009,0.19
29/1/2009,0.23
30/1/2009,0.24
2/2/2009,0.27
3/2/2009,0.32
4/2/2009,0.3
5/2/2009,0.29
6/2/2009,0.28
9/2/2009,0.32
10/2/2009,0.31
11/2/2009,0.3
12/2/2009,0.29
13/2/2009,0.29
17/2/2009,0.32
18/2/2009,0.31
19/2/2009,0.3
20/2/2009,0.27
23/2/2009,0.3
24/2/2009,0.32
25/2/2009,0.3
26/2/2009,0.27
27/2/2009,0.26
2/3/2009,0.28
3/3/2009,0.27
4/3/2009,0.26
5/3/2009,0.2
6/3/2009,0.2
9/3/2009,0.23
10/3/2009,0.24
11/3/2009,0.23
12/3/2009,0.21
13/3/2009,0.19
16/3/2009,0.24
17/3/2009,0.24
18/3/2009,0.21
19/3/2009,0.2
20/3/2009,0.21
23/3/2009,0.22
24/3/2009,0.21
25/3/2009,0.19
26/3/2009,0.15
27/3/2009,0.13
30/3/2009,0.18
31/3/2009,0.21
1/4/2009,0.22
2/4/2009,0.22
3/4/2009,0.21
6/4/2009,0.2
7/4/2009,0.2
8/4/2009,0.18
9/4/2009,0.18
13/4/2009,0.18
14/4/2009,0.17
15/4/2009,0.15
16/4/2009,0.13
17/4/2009,0.14
20/4/2009,0.14
21/4/2009,0.15
22/4/2009,0.14
23/4/2009,0.1
24/4/2009,0.1
27/4/2009,0.13
28/4/2009,0.13
29/4/2009,0.11
30/4/2009,0.14
1/5/2009,0.15
4/5/2009,0.19
5/5/2009,0.19
6/5/2009,0.19
7/5/2009,0.18
8/5/2009,0.18
11/5/2009,0.19
12/5/2009,0.19
13/5/2009,0.17
14/5/2009,0.16
15/5/2009,0.17
18/5/2009,0.19
19/5/2009,0.18
20/5/2009,0.18
21/5/2009,0.19
22/5/2009,0.18
26/5/2009,0.18
27/5/2009,0.17
28/5/2009,0.15
29/5/2009,0.14
1/6/2009,0.13
2/6/2009,0.14
3/6/2009,0.14
4/6/2009,0.14
5/6/2009,0.19
8/6/2009,0.19
9/6/2009,0.19
10/6/2009,0.18
11/6/2009,0.19
12/6/2009,0.18
15/6/2009,0.17
16/6/2009,0.17
17/6/2009,0.17
18/6/2009,0.18
19/6/2009,0.18
22/6/2009,0.2
23/6/2009,0.2
24/6/2009,0.19
25/6/2009,0.18
26/6/2009,0.19
29/6/2009,0.2
30/6/2009,0.19
1/7/2009,0.17
2/7/2009,0.17
6/7/2009,0.19
7/7/2009,0.19
8/7/2009,0.18
9/7/2009,0.19
10/7/2009,0.18
13/7/2009,0.18
14/7/2009,0.18
15/7/2009,0.18
16/7/2009,0.19
17/7/2009,0.17
20/7/2009,0.19
21/7/2009,0.19
22/7/2009,0.19
23/7/2009,0.19
24/7/2009,0.18
27/7/2009,0.19
28/7/2009,0.19
29/7/2009,0.19
30/7/2009,0.18
31/7/2009,0.18
3/8/2009,0.19
4/8/2009,0.18
5/8/2009,0.18
6/8/2009,0.17
7/8/2009,0.18
10/8/2009,0.19
11/8/2009,0.18
12/8/2009,0.17
13/8/2009,0.17
14/8/2009,0.18
17/8/2009,0.18
18/8/2009,0.18
19/8/2009,0.17
20/8/2009,0.17
21/8/2009,0.17
24/8/2009,0.17
25/8/2009,0.17
26/8/2009,0.15
27/8/2009,0.15
28/8/2009,0.15
31/8/2009,0.15
1/9/2009,0.14
2/9/2009,0.14
3/9/2009,0.15
4/9/2009,0.14
8/9/2009,0.14
9/9/2009,0.14
10/9/2009,0.14
11/9/2009,0.14
14/9/2009,0.14
15/9/2009,0.13
16/9/2009,0.1
17/9/2009,0.1
18/9/2009,0.08
21/9/2009,0.11
22/9/2009,0.11
23/9/2009,0.11
24/9/2009,0.1
25/9/2009,0.1
28/9/2009,0.11
29/9/2009,0.13
30/9/2009,0.14
1/10/2009,0.1
2/10/2009,0.1
5/10/2009,0.08
6/10/2009,0.08
7/10/2009,0.09
8/10/2009,0.06
9/10/2009,0.07
13/10/2009,0.07
14/10/2009,0.07
15/10/2009,0.07
16/10/2009,0.07
19/10/2009,0.08
20/10/2009,0.08
21/10/2009,0.07
22/10/2009,0.06
23/10/2009,0.07
26/10/2009,0.08
27/10/2009,0.08
28/10/2009,0.07
29/10/2009,0.06
30/10/2009,0.05
2/11/2009,0.06
3/11/2009,0.06
4/11/2009,0.05
5/11/2009,0.04
6/11/2009,0.06
9/11/2009,0.07
10/11/2009,0.07
12/11/2009,0.07
13/11/2009,0.06
16/11/2009,0.07
17/11/2009,0.06
18/11/2009,0.04
19/11/2009,0.02
20/11/2009,0.02
23/11/2009,0.05
24/11/2009,0.05
25/11/2009,0.05
27/11/2009,0.03
30/11/2009,0.06
1/12/2009,0.06
2/12/2009,0.05
3/12/2009,0.06
4/12/2009,0.06
7/12/2009,0.04
8/12/2009,0.03
9/12/2009,0.03
10/12/2009,0.02
11/12/2009,0.03
14/12/2009,0.04
15/12/2009,0.05
16/12/2009,0.04
17/12/2009,0.04
18/12/2009,0.05
21/12/2009,0.08
22/12/2009,0.08
23/12/2009,0.07
24/12/2009,0.05
28/12/2009,0.11
29/12/2009,0.1
30/12/2009,0.05
31/12/2009,0.06
4/1/2010,0.08
5/1/2010,0.07
6/1/2010,0.06
7/1/2010,0.05
8/1/2010,0.05
11/1/2010,0.04
12/1/2010,0.05
13/1/2010,0.06
14/1/2010,0.05
15/1/2010,0.06
19/1/2010,0.06
20/1/2010,0.05
21/1/2010,0.06
22/1/2010,0.06
25/1/2010,0.06
26/1/2010,0.07
27/1/2010,0.08
28/1/2010,0.08
29/1/2010,0.08
1/2/2010,0.1
2/2/2010,0.1
3/2/2010,0.1
4/2/2010,0.09
5/2/2010,0.1
8/2/2010,0.12
9/2/2010,0.12
10/2/2010,0.11
11/2/2010,0.11
12/2/2010,0.1
16/2/2010,0.1
17/2/2010,0.1
18/2/2010,0.1
19/2/2010,0.11
22/2/2010,0.11
23/2/2010,0.12
24/2/2010,0.12
25/2/2010,0.13
26/2/2010,0.13
1/3/2010,0.13
2/3/2010,0.14
3/3/2010,0.14
4/3/2010,0.14
5/3/2010,0.15
8/3/2010,0.16
9/3/2010,0.16
10/3/2010,0.15
11/3/2010,0.16
12/3/2010,0.15
15/3/2010,0.17
16/3/2010,0.16
17/3/2010,0.15
18/3/2010,0.16
19/3/2010,0.16
22/3/2010,0.15
23/3/2010,0.14
24/3/2010,0.14
25/3/2010,0.14
26/3/2010,0.14
29/3/2010,0.15
30/3/2010,0.16
31/3/2010,0.16
1/4/2010,0.16
2/4/2010,0.16
5/4/2010,0.18
6/4/2010,0.17
7/4/2010,0.17
8/4/2010,0.17
9/4/2010,0.16
12/4/2010,0.16
13/4/2010,0.16
14/4/2010,0.16
15/4/2010,0.16
16/4/2010,0.16
19/4/2010,0.16
20/4/2010,0.16
21/4/2010,0.15
22/4/2010,0.16
23/4/2010,0.16
26/4/2010,0.16
27/4/2010,0.16
28/4/2010,0.16
29/4/2010,0.17
30/4/2010,0.16
3/5/2010,0.17
4/5/2010,0.16
5/5/2010,0.15
6/5/2010,0.11
7/5/2010,0.13
10/5/2010,0.16
11/5/2010,0.16
12/5/2010,0.16
13/5/2010,0.16
14/5/2010,0.16
17/5/2010,0.16
18/5/2010,0.17
19/5/2010,0.17
20/5/2010,0.17
21/5/2010,0.17
24/5/2010,0.17
25/5/2010,0.17
26/5/2010,0.17
27/5/2010,0.17
28/5/2010,0.16
1/6/2010,0.16
2/6/2010,0.16
3/6/2010,0.14
4/6/2010,0.14
7/6/2010,0.12
8/6/2010,0.12
9/6/2010,0.1
10/6/2010,0.1
11/6/2010,0.08
14/6/2010,0.07
15/6/2010,0.09
16/6/2010,0.1
17/6/2010,0.09
18/6/2010,0.11
21/6/2010,0.12
22/6/2010,0.13
23/6/2010,0.13
24/6/2010,0.13
25/6/2010,0.13
28/6/2010,0.17
29/6/2010,0.15
30/6/2010,0.18
1/7/2010,0.17
2/7/2010,0.17
6/7/2010,0.17
7/7/2010,0.16
8/7/2010,0.15
9/7/2010,0.16
12/7/2010,0.16
13/7/2010,0.15
14/7/2010,0.15
15/7/2010,0.15
16/7/2010,0.15
19/7/2010,0.17
20/7/2010,0.16
21/7/2010,0.16
22/7/2010,0.16
23/7/2010,0.16
26/7/2010,0.16
27/7/2010,0.15
28/7/2010,0.15
29/7/2010,0.15
30/7/2010,0.15
2/8/2010,0.16
3/8/2010,0.16
4/8/2010,0.16
5/8/2010,0.15
6/8/2010,0.15
9/8/2010,0.15
10/8/2010,0.15
11/8/2010,0.15
12/8/2010,0.16
13/8/2010,0.15
16/8/2010,0.16
17/8/2010,0.17
18/8/2010,0.16
19/8/2010,0.16
20/8/2010,0.15
23/8/2010,0.16
24/8/2010,0.16
25/8/2010,0.16
26/8/2010,0.16
27/8/2010,0.15
30/8/2010,0.14
31/8/2010,0.14
1/9/2010,0.13
2/9/2010,0.14
3/9/2010,0.14
7/9/2010,0.14
8/9/2010,0.14
9/9/2010,0.14
10/9/2010,0.14
13/9/2010,0.15
14/9/2010,0.15
15/9/2010,0.15
16/9/2010,0.16
17/9/2010,0.16
20/9/2010,0.17
21/9/2010,0.17
22/9/2010,0.16
23/9/2010,0.16
24/9/2010,0.15
27/9/2010,0.16
28/9/2010,0.16
29/9/2010,0.16
30/9/2010,0.16
1/10/2010,0.16
4/10/2010,0.13
5/10/2010,0.12
6/10/2010,0.13
7/10/2010,0.13
8/10/2010,0.12
12/10/2010,0.13
13/10/2010,0.13
14/10/2010,0.14
15/10/2010,0.14
18/10/2010,0.15
19/10/2010,0.14
20/10/2010,0.14
21/10/2010,0.13
22/10/2010,0.13
25/10/2010,0.14
26/10/2010,0.14
27/10/2010,0.14
28/10/2010,0.13
29/10/2010,0.12
1/11/2010,0.13
2/11/2010,0.13
3/11/2010,0.13
4/11/2010,0.13
5/11/2010,0.13
8/11/2010,0.13
9/11/2010,0.13
10/11/2010,0.13
12/11/2010,0.13
15/11/2010,0.14
16/11/2010,0.15
17/11/2010,0.14
18/11/2010,0.15
19/11/2010,0.14
22/11/2010,0.15
23/11/2010,0.15
24/11/2010,0.16
26/11/2010,0.16
29/11/2010,0.18
30/11/2010,0.17
1/12/2010,0.16
2/12/2010,0.16
3/12/2010,0.14
6/12/2010,0.15
7/12/2010,0.14
8/12/2010,0.15
9/12/2010,0.14
10/12/2010,0.13
13/12/2010,0.15
14/12/2010,0.15
15/12/2010,0.14
16/12/2010,0.13
17/12/2010,0.11
20/12/2010,0.14
21/12/2010,0.14
22/12/2010,0.14
23/12/2010,0.14
27/12/2010,0.17
28/12/2010,0.15
29/12/2010,0.13
30/12/2010,0.12
31/12/2010,0.12
3/1/2011,0.15
4/1/2011,0.14
5/1/2011,0.14
6/1/2011,0.15
7/1/2011,0.14
10/1/2011,0.15
11/1/2011,0.15
12/1/2011,0.15
13/1/2011,0.15
14/1/2011,0.15
18/1/2011,0.16
19/1/2011,0.16
20/1/2011,0.16
21/1/2011,0.16
24/1/2011,0.16
25/1/2011,0.16
26/1/2011,0.16
27/1/2011,0.15
28/1/2011,0.15
31/1/2011,0.15
1/2/2011,0.15
2/2/2011,0.16
3/2/2011,0.14
4/2/2011,0.15
7/2/2011,0.16
8/2/2011,0.15
9/2/2011,0.14
10/2/2011,0.12
11/2/2011,0.12
14/2/2011,0.13
15/2/2011,0.13
16/2/2011,0.12
17/2/2011,0.09
18/2/2011,0.1
22/2/2011,0.12
23/2/2011,0.12
24/2/2011,0.13
25/2/2011,0.13
28/2/2011,0.15
1/3/2011,0.14
2/3/2011,0.13
3/3/2011,0.13
4/3/2011,0.12
7/3/2011,0.11
8/3/2011,0.11
9/3/2011,0.1
10/3/2011,0.08
11/3/2011,0.08
14/3/2011,0.09
15/3/2011,0.1
16/3/2011,0.1
17/3/2011,0.08
18/3/2011,0.07
21/3/2011,0.1
22/3/2011,0.1
23/3/2011,0.09
24/3/2011,0.09
25/3/2011,0.09
28/3/2011,0.11
29/3/2011,0.1
30/3/2011,0.1
31/3/2011,0.09
1/4/2011,0.07
4/4/2011,0.06
5/4/2011,0.07
6/4/2011,0.06
7/4/2011,0.04
8/4/2011,0.04
11/4/2011,0.05
12/4/2011,0.05
13/4/2011,0.06
14/4/2011,0.07
15/4/2011,0.07
18/4/2011,0.07
19/4/2011,0.06
20/4/2011,0.06
21/4/2011,0.06
25/4/2011,0.07
26/4/2011,0.07
27/4/2011,0.06
28/4/2011,0.04
29/4/2011,0.04
2/5/2011,0.05
3/5/2011,0.03
4/5/2011,0.03
5/5/2011,0.02
6/5/2011,0.02
9/5/2011,0.03
10/5/2011,0.03
11/5/2011,0.03
12/5/2011,0.02
13/5/2011,0.03
16/5/2011,0.04
17/5/2011,0.04
18/5/2011,0.05
19/5/2011,0.05
20/5/2011,0.05
23/5/2011,0.06
24/5/2011,0.06
25/5/2011,0.06
26/5/2011,0.05
27/5/2011,0.05
31/5/2011,0.06
1/6/2011,0.05
2/6/2011,0.04
3/6/2011,0.04
6/6/2011,0.05
7/6/2011,0.05
8/6/2011,0.04
9/6/2011,0.05
10/6/2011,0.05
13/6/2011,0.05
14/6/2011,0.05
15/6/2011,0.05
16/6/2011,0.05
17/6/2011,0.04
20/6/2011,0.03
21/6/2011,0.03
22/6/2011,0.02
23/6/2011,0.01
24/6/2011,0.02
27/6/2011,0.02
28/6/2011,0.03
29/6/2011,0.02
30/6/2011,0.03
1/7/2011,0.02
5/7/2011,0.02
6/7/2011,0.01
7/7/2011,0.03
8/7/2011,0.03
11/7/2011,0.03
12/7/2011,0.03
13/7/2011,0.01
14/7/2011,0.01
15/7/2011,0.02
18/7/2011,0.02
19/7/2011,0.03
20/7/2011,0.02
21/7/2011,0.05
22/7/2011,0.05
25/7/2011,0.05
26/7/2011,0.07
27/7/2011,0.08
28/7/2011,0.07
29/7/2011,0.1
1/8/2011,0.1
2/8/2011,0.06
3/8/2011,0.02
4/8/2011,0.02
5/8/2011,0.01
8/8/2011,0.05
9/8/2011,0.03
10/8/2011,0.02
11/8/2011,0.03
12/8/2011,0.02
15/8/2011,0.02
16/8/2011,0.03
17/8/2011,0.01
18/8/2011,0.01
19/8/2011,0.02
22/8/2011,0.01
23/8/2011,0.01
24/8/2011,0.02
25/8/2011,0.01
26/8/2011,0.01
29/8/2011,0.02
30/8/2011,0.01
31/8/2011,0.02
1/9/2011,0.02
2/9/2011,0.02
6/9/2011,0.02
7/9/2011,0.02
8/9/2011,0.02
9/9/2011,0.01
12/9/2011,0.01
13/9/2011,0.01
14/9/2011,0.01
15/9/2011,0.01
16/9/2011,0.01
19/9/2011,0.01
20/9/2011,0.01
21/9/2011,0.01
22/9/2011,0
23/9/2011,0.01
26/9/2011,0.02
27/9/2011,0.01
28/9/2011,0.02
29/9/2011,0.02
30/9/2011,0.02
3/10/2011,0.02
4/10/2011,0.01
5/10/2011,0
6/10/2011,0.01
7/10/2011,0.01
11/10/2011,0.02
12/10/2011,0.02
13/10/2011,0.02
14/10/2011,0.02
17/10/2011,0.04
18/10/2011,0.04
19/10/2011,0.03
20/10/2011,0.03
21/10/2011,0.02
24/10/2011,0.02
25/10/2011,0.01
26/10/2011,0.02
27/10/2011,0.02
28/10/2011,0.01
31/10/2011,0.01
1/11/2011,0.01
2/11/2011,0.01
3/11/2011,0.01
4/11/2011,0.01
7/11/2011,0.01
8/11/2011,0.01
9/11/2011,0.01
10/11/2011,0.01
14/11/2011,0.01
15/11/2011,0.01
16/11/2011,0.01
17/11/2011,0.02
18/11/2011,0.01
21/11/2011,0.02
22/11/2011,0.02
23/11/2011,0.02
25/11/2011,0.02
28/11/2011,0.03
29/11/2011,0.02
30/11/2011,0.01
1/12/2011,0.01
2/12/2011,0.02
5/12/2011,0.01
6/12/2011,0.01
7/12/2011,0.02
8/12/2011,0.01
9/12/2011,0.01
12/12/2011,0.01
13/12/2011,0.01
14/12/2011,0.01
15/12/2011,0
16/12/2011,0
19/12/2011,0.01
20/12/2011,0.01
21/12/2011,0.01
22/12/2011,0.01
23/12/2011,0.01
27/12/2011,0.02
28/12/2011,0.01
29/12/2011,0.02
30/12/2011,0.02
3/1/2012,0.02
4/1/2012,0.02
5/1/2012,0.02
6/1/2012,0.02
9/1/2012,0.01
10/1/2012,0.02
11/1/2012,0.02
12/1/2012,0.03
13/1/2012,0.03
17/1/2012,0.03
18/1/2012,0.03
19/1/2012,0.05
20/1/2012,0.05
23/1/2012,0.04
24/1/2012,0.04
25/1/2012,0.04
26/1/2012,0.05
27/1/2012,0.06
30/1/2012,0.05
31/1/2012,0.06
1/2/2012,0.06
2/2/2012,0.08
3/2/2012,0.08
6/2/2012,0.08
7/2/2012,0.08
8/2/2012,0.09
9/2/2012,0.09
10/2/2012,0.09
13/2/2012,0.11
14/2/2012,0.12
15/2/2012,0.11
16/2/2012,0.1
17/2/2012,0.09
21/2/2012,0.08
22/2/2012,0.09
23/2/2012,0.09
24/2/2012,0.1
27/2/2012,0.12
28/2/2012,0.1
29/2/2012,0.08
1/3/2012,0.08
2/3/2012,0.07
5/3/2012,0.08
6/3/2012,0.08
7/3/2012,0.08
8/3/2012,0.08
9/3/2012,0.09
12/3/2012,0.09
13/3/2012,0.08
14/3/2012,0.09
15/3/2012,0.08
16/3/2012,0.09
19/3/2012,0.1
20/3/2012,0.1
21/3/2012,0.09
22/3/2012,0.08
23/3/2012,0.08
26/3/2012,0.09
27/3/2012,0.09
28/3/2012,0.09
29/3/2012,0.07
30/3/2012,0.07
2/4/2012,0.08
3/4/2012,0.08
4/4/2012,0.08
5/4/2012,0.08
6/4/2012,0.07
9/4/2012,0.09
10/4/2012,0.09
11/4/2012,0.09
12/4/2012,0.09
13/4/2012,0.09
16/4/2012,0.08
17/4/2012,0.08
18/4/2012,0.07
19/4/2012,0.07
20/4/2012,0.08
23/4/2012,0.08
24/4/2012,0.09
25/4/2012,0.09
26/4/2012,0.09
27/4/2012,0.09
30/4/2012,0.1
1/5/2012,0.09
2/5/2012,0.08
3/5/2012,0.09
4/5/2012,0.07
7/5/2012,0.1
8/5/2012,0.09
9/5/2012,0.09
10/5/2012,0.1
11/5/2012,0.1
14/5/2012,0.1
15/5/2012,0.09
16/5/2012,0.1
17/5/2012,0.1
18/5/2012,0.08
21/5/2012,0.09
22/5/2012,0.09
23/5/2012,0.09
24/5/2012,0.1
25/5/2012,0.09
29/5/2012,0.09
30/5/2012,0.07
31/5/2012,0.07
1/6/2012,0.07
4/6/2012,0.08
5/6/2012,0.08
6/6/2012,0.09
7/6/2012,0.09
8/6/2012,0.09
11/6/2012,0.09
12/6/2012,0.1
13/6/2012,0.1
14/6/2012,0.11
15/6/2012,0.09
18/6/2012,0.1
19/6/2012,0.09
20/6/2012,0.09
21/6/2012,0.09
22/6/2012,0.09
25/6/2012,0.1
26/6/2012,0.1
27/6/2012,0.09
28/6/2012,0.09
29/6/2012,0.09
2/7/2012,0.1
3/7/2012,0.09
5/7/2012,0.08
6/7/2012,0.08
9/7/2012,0.09
10/7/2012,0.09
11/7/2012,0.1
12/7/2012,0.1
13/7/2012,0.1
16/7/2012,0.1
17/7/2012,0.1
18/7/2012,0.09
19/7/2012,0.09
20/7/2012,0.09
23/7/2012,0.1
24/7/2012,0.1
25/7/2012,0.1
26/7/2012,0.11
27/7/2012,0.11
30/7/2012,0.11
31/7/2012,0.11
1/8/2012,0.1
2/8/2012,0.09
3/8/2012,0.09
6/8/2012,0.1
7/8/2012,0.11
8/8/2012,0.11
9/8/2012,0.11
10/8/2012,0.1
13/8/2012,0.11
14/8/2012,0.11
15/8/2012,0.09
16/8/2012,0.09
17/8/2012,0.09
20/8/2012,0.11
21/8/2012,0.11
22/8/2012,0.11
23/8/2012,0.11
24/8/2012,0.1
27/8/2012,0.11
28/8/2012,0.1
29/8/2012,0.12
30/8/2012,0.1
31/8/2012,0.09
4/9/2012,0.1
5/9/2012,0.11
6/9/2012,0.11
7/9/2012,0.11
10/9/2012,0.1
11/9/2012,0.1
12/9/2012,0.1
13/9/2012,0.1
14/9/2012,0.11
17/9/2012,0.11
18/9/2012,0.1
19/9/2012,0.11
20/9/2012,0.11
21/9/2012,0.11
24/9/2012,0.11
25/9/2012,0.11
26/9/2012,0.11
27/9/2012,0.09
28/9/2012,0.1
1/10/2012,0.09
2/10/2012,0.09
3/10/2012,0.09
4/10/2012,0.1
5/10/2012,0.11
9/10/2012,0.1
10/10/2012,0.1
11/10/2012,0.1
12/10/2012,0.11
15/10/2012,0.11
16/10/2012,0.09
17/10/2012,0.11
18/10/2012,0.1
19/10/2012,0.1
22/10/2012,0.1
23/10/2012,0.11
24/10/2012,0.11
25/10/2012,0.11
26/10/2012,0.12
29/10/2012,0.14
31/10/2012,0.11
1/11/2012,0.09
2/11/2012,0.09
5/11/2012,0.11
6/11/2012,0.1
7/11/2012,0.1
8/11/2012,0.1
9/11/2012,0.09
13/11/2012,0.11
14/11/2012,0.1
15/11/2012,0.08
16/11/2012,0.06
19/11/2012,0.09
20/11/2012,0.08
21/11/2012,0.1
23/11/2012,0.1
26/11/2012,0.1
27/11/2012,0.1
28/11/2012,0.1
29/11/2012,0.09
30/11/2012,0.08
3/12/2012,0.1
4/12/2012,0.1
5/12/2012,0.1
6/12/2012,0.1
7/12/2012,0.09
10/12/2012,0.09
11/12/2012,0.08
12/12/2012,0.07
13/12/2012,0.06
14/12/2012,0.04
17/12/2012,0.05
18/12/2012,0.06
19/12/2012,0.05
20/12/2012,0.06
21/12/2012,0.06
24/12/2012,0.06
26/12/2012,0.09
27/12/2012,0.08
28/12/2012,0.01
31/12/2012,0.05
2/1/2013,0.08
3/1/2013,0.08
4/1/2013,0.07
7/1/2013,0.07
8/1/2013,0.07
9/1/2013,0.06
10/1/2013,0.06
11/1/2013,0.07
14/1/2013,0.08
15/1/2013,0.09
16/1/2013,0.08
17/1/2013,0.07
18/1/2013,0.08
22/1/2013,0.08
23/1/2013,0.08
24/1/2013,0.08
25/1/2013,0.08
28/1/2013,0.07
29/1/2013,0.07
30/1/2013,0.07
31/1/2013,0.07
1/2/2013,0.06
4/2/2013,0.07
5/2/2013,0.07
6/2/2013,0.07
7/2/2013,0.07
8/2/2013,0.07
11/2/2013,0.09
12/2/2013,0.09
13/2/2013,0.1
14/2/2013,0.11
15/2/2013,0.1
19/2/2013,0.12
20/2/2013,0.12
21/2/2013,0.13
22/2/2013,0.13
25/2/2013,0.12
26/2/2013,0.14
27/2/2013,0.11
28/2/2013,0.11
1/3/2013,0.11
4/3/2013,0.11
5/3/2013,0.08
6/3/2013,0.1
7/3/2013,0.1
8/3/2013,0.1
11/3/2013,0.1
12/3/2013,0.1
13/3/2013,0.09
14/3/2013,0.1
15/3/2013,0.09
18/3/2013,0.07
19/3/2013,0.07
20/3/2013,0.07
21/3/2013,0.07
22/3/2013,0.07
25/3/2013,0.08
26/3/2013,0.07
27/3/2013,0.09
28/3/2013,0.07
1/4/2013,0.08
2/4/2013,0.07
3/4/2013,0.06
4/4/2013,0.07
5/4/2013,0.07
8/4/2013,0.07
9/4/2013,0.06
10/4/2013,0.07
11/4/2013,0.07
12/4/2013,0.06
15/4/2013,0.06
16/4/2013,0.06
17/4/2013,0.06
18/4/2013,0.05
19/4/2013,0.05
22/4/2013,0.05
23/4/2013,0.05
24/4/2013,0.06
25/4/2013,0.05
26/4/2013,0.05
29/4/2013,0.05
30/4/2013,0.05
1/5/2013,0.06
2/5/2013,0.05
3/5/2013,0.05
6/5/2013,0.04
7/5/2013,0.04
8/5/2013,0.04
9/5/2013,0.04
10/5/2013,0.04
13/5/2013,0.05
14/5/2013,0.05
15/5/2013,0.04
16/5/2013,0.03
17/5/2013,0.04
20/5/2013,0.05
21/5/2013,0.04
22/5/2013,0.04
23/5/2013,0.05
24/5/2013,0.04
28/5/2013,0.05
29/5/2013,0.05
30/5/2013,0.04
31/5/2013,0.04
3/6/2013,0.05
4/6/2013,0.04
5/6/2013,0.05
6/6/2013,0.05
7/6/2013,0.04
10/6/2013,0.05
11/6/2013,0.05
12/6/2013,0.05
13/6/2013,0.05
14/6/2013,0.05
17/6/2013,0.05
18/6/2013,0.05
19/6/2013,0.05
20/6/2013,0.05
21/6/2013,0.05
24/6/2013,0.06
25/6/2013,0.06
26/6/2013,0.06
27/6/2013,0.06
28/6/2013,0.04
1/7/2013,0.04
2/7/2013,0.03
3/7/2013,0.05
5/7/2013,0.04
8/7/2013,0.05
9/7/2013,0.04
10/7/2013,0.04
11/7/2013,0.04
12/7/2013,0.04
15/7/2013,0.04
16/7/2013,0.03
17/7/2013,0.03
18/7/2013,0.03
19/7/2013,0.03
22/7/2013,0.04
23/7/2013,0.02
24/7/2013,0.03
25/7/2013,0.02
26/7/2013,0.03
29/7/2013,0.03
30/7/2013,0.04
31/7/2013,0.04
1/8/2013,0.04
2/8/2013,0.04
5/8/2013,0.05
6/8/2013,0.04
7/8/2013,0.05
8/8/2013,0.05
9/8/2013,0.05
12/8/2013,0.06
13/8/2013,0.06
14/8/2013,0.05
15/8/2013,0.05
16/8/2013,0.05
19/8/2013,0.06
20/8/2013,0.04
21/8/2013,0.04
22/8/2013,0.03
23/8/2013,0.03
26/8/2013,0.04
27/8/2013,0.05
28/8/2013,0.03
29/8/2013,0.02
30/8/2013,0.03
3/9/2013,0.02
4/9/2013,0.02
5/9/2013,0.02
6/9/2013,0.02
9/9/2013,0.02
10/9/2013,0.02
11/9/2013,0.02
12/9/2013,0.01
13/9/2013,0.01
16/9/2013,0.02
17/9/2013,0.01
18/9/2013,0.01
19/9/2013,0.01
20/9/2013,0.01
23/9/2013,0.02
24/9/2013,0.02
25/9/2013,0.02
26/9/2013,0
27/9/2013,0.02
30/9/2013,0.02
1/10/2013,0.02
2/10/2013,0.02
3/10/2013,0.03
4/10/2013,0.03
7/10/2013,0.03
8/10/2013,0.05
9/10/2013,0.05
10/10/2013,0.05
11/10/2013,0.08
15/10/2013,0.14
16/10/2013,0.1
17/10/2013,0.05
18/10/2013,0.04
21/10/2013,0.04
22/10/2013,0.04
23/10/2013,0.04
24/10/2013,0.03
25/10/2013,0.04
28/10/2013,0.04
29/10/2013,0.04
30/10/2013,0.04
31/10/2013,0.04
1/11/2013,0.04
4/11/2013,0.05
5/11/2013,0.05
6/11/2013,0.05
7/11/2013,0.05
8/11/2013,0.06
12/11/2013,0.08
13/11/2013,0.08
14/11/2013,0.08
15/11/2013,0.08
18/11/2013,0.09
19/11/2013,0.08
20/11/2013,0.08
21/11/2013,0.07
22/11/2013,0.07
25/11/2013,0.08
26/11/2013,0.07
27/11/2013,0.07
29/11/2013,0.06
2/12/2013,0.05
3/12/2013,0.06
4/12/2013,0.06
5/12/2013,0.06
6/12/2013,0.06
9/12/2013,0.07
10/12/2013,0.07
11/12/2013,0.07
12/12/2013,0.07
13/12/2013,0.07
16/12/2013,0.07
17/12/2013,0.07
18/12/2013,0.07
19/12/2013,0.06
20/12/2013,0.07
23/12/2013,0.07
24/12/2013,0.07
26/12/2013,0.07
27/12/2013,0.07
30/12/2013,0.07
31/12/2013,0.07
2/1/2014,0.07
3/1/2014,0.07
6/1/2014,0.05
7/1/2014,0.04
8/1/2014,0.05
9/1/2014,0.04
10/1/2014,0.05
13/1/2014,0.03
14/1/2014,0.04
15/1/2014,0.04
16/1/2014,0.04
17/1/2014,0.05
21/1/2014,0.04
22/1/2014,0.04
23/1/2014,0.04
24/1/2014,0.04
27/1/2014,0.05
28/1/2014,0.05
29/1/2014,0.04
30/1/2014,0.02
31/1/2014,0.02
3/2/2014,0.05
4/2/2014,0.06
5/2/2014,0.07
6/2/2014,0.07
7/2/2014,0.08
10/2/2014,0.07
11/2/2014,0.05
12/2/2014,0.05
13/2/2014,0.03
14/2/2014,0.02
18/2/2014,0.05
19/2/2014,0.06
20/2/2014,0.05
21/2/2014,0.05
24/2/2014,0.05
25/2/2014,0.05
26/2/2014,0.05
27/2/2014,0.04
28/2/2014,0.05
3/3/2014,0.05
4/3/2014,0.05
5/3/2014,0.06
6/3/2014,0.05
7/3/2014,0.06
10/3/2014,0.05
11/3/2014,0.05
12/3/2014,0.05
13/3/2014,0.05
14/3/2014,0.05
17/3/2014,0.06
18/3/2014,0.05
19/3/2014,0.06
20/3/2014,0.06
21/3/2014,0.06
24/3/2014,0.06
25/3/2014,0.05
26/3/2014,0.05
27/3/2014,0.04
28/3/2014,0.04
31/3/2014,0.05
1/4/2014,0.04
2/4/2014,0.02
3/4/2014,0.02
4/4/2014,0.03
7/4/2014,0.03
8/4/2014,0.03
9/4/2014,0.04
10/4/2014,0.04
11/4/2014,0.04
14/4/2014,0.04
15/4/2014,0.04
16/4/2014,0.04
17/4/2014,0.03
21/4/2014,0.04
22/4/2014,0.03
23/4/2014,0.02
24/4/2014,0.01
25/4/2014,0.03
28/4/2014,0.03
29/4/2014,0.02
30/4/2014,0.03
1/5/2014,0.03
2/5/2014,0.02
5/5/2014,0.03
6/5/2014,0.03
7/5/2014,0.03
8/5/2014,0.03
9/5/2014,0.03
12/5/2014,0.03
13/5/2014,0.03
14/5/2014,0.03
15/5/2014,0.03
16/5/2014,0.03
19/5/2014,0.03
20/5/2014,0.03
21/5/2014,0.04
22/5/2014,0.03
23/5/2014,0.04
27/5/2014,0.04
28/5/2014,0.04
29/5/2014,0.04
30/5/2014,0.04
2/6/2014,0.04
3/6/2014,0.04
4/6/2014,0.04
5/6/2014,0.04
6/6/2014,0.04
9/6/2014,0.04
10/6/2014,0.04
11/6/2014,0.04
12/6/2014,0.04
13/6/2014,0.04
16/6/2014,0.04
17/6/2014,0.04
18/6/2014,0.03
19/6/2014,0.02
20/6/2014,0.02
23/6/2014,0.03
24/6/2014,0.03
25/6/2014,0.03
26/6/2014,0.04
27/6/2014,0.03
30/6/2014,0.04
1/7/2014,0.02
2/7/2014,0.02
3/7/2014,0.01
7/7/2014,0.04
8/7/2014,0.03
9/7/2014,0.03
10/7/2014,0.02
11/7/2014,0.02
14/7/2014,0.03
15/7/2014,0.02
16/7/2014,0.02
17/7/2014,0.02
18/7/2014,0.02
21/7/2014,0.03
22/7/2014,0.03
23/7/2014,0.03
24/7/2014,0.03
25/7/2014,0.03
28/7/2014,0.04
29/7/2014,0.02
30/7/2014,0.04
31/7/2014,0.03
1/8/2014,0.03
4/8/2014,0.04
5/8/2014,0.03
6/8/2014,0.03
7/8/2014,0.03
8/8/2014,0.03
11/8/2014,0.04
12/8/2014,0.03
13/8/2014,0.04
14/8/2014,0.04
15/8/2014,0.03
18/8/2014,0.03
19/8/2014,0.03
20/8/2014,0.04
21/8/2014,0.02
22/8/2014,0.03
25/8/2014,0.04
26/8/2014,0.03
27/8/2014,0.04
28/8/2014,0.03
29/8/2014,0.03
2/9/2014,0.03
3/9/2014,0.03
4/9/2014,0.03
5/9/2014,0.03
8/9/2014,0.02
9/9/2014,0.02
10/9/2014,0.02
11/9/2014,0.02
12/9/2014,0.02
15/9/2014,0.02
16/9/2014,0.02
17/9/2014,0.02
18/9/2014,0.02
19/9/2014,0.02
22/9/2014,0.01
23/9/2014,0.01
24/9/2014,0.02
25/9/2014,0.01
26/9/2014,0.01
29/9/2014,0.02
30/9/2014,0.02
1/10/2014,0.02
2/10/2014,0.01
3/10/2014,0.01
6/10/2014,0.02
7/10/2014,0.02
8/10/2014,0.01
9/10/2014,0.01
10/10/2014,0.01
14/10/2014,0.02
15/10/2014,0.02
16/10/2014,0.03
17/10/2014,0.02
20/10/2014,0.02
21/10/2014,0.02
22/10/2014,0.02
23/10/2014,0.01
24/10/2014,0.01
27/10/2014,0.02
28/10/2014,0.02
29/10/2014,0.03
30/10/2014,0.01
31/10/2014,0.01
3/11/2014,0.02
4/11/2014,0.03
5/11/2014,0.03
6/11/2014,0.03
7/11/2014,0.03
10/11/2014,0.02
12/11/2014,0.02
13/11/2014,0.02
14/11/2014,0.02
17/11/2014,0.03
18/11/2014,0.02
19/11/2014,0.01
20/11/2014,0.02
21/11/2014,0.01
24/11/2014,0.02
25/11/2014,0.02
26/11/2014,0.02
28/11/2014,0.02
1/12/2014,0.03
2/12/2014,0.03
3/12/2014,0.01
4/12/2014,0.02
5/12/2014,0.02
8/12/2014,0.03
9/12/2014,0.04
10/12/2014,0.03
11/12/2014,0.03
12/12/2014,0.02
15/12/2014,0.04
16/12/2014,0.03
17/12/2014,0.03
18/12/2014,0.04
19/12/2014,0.04
22/12/2014,0.05
23/12/2014,0.03
24/12/2014,0.01
26/12/2014,0.01
29/12/2014,0.03
30/12/2014,0.03
31/12/2014,0.04
2/1/2015,0.02
5/1/2015,0.03
6/1/2015,0.03
7/1/2015,0.03
8/1/2015,0.03
9/1/2015,0.02
12/1/2015,0.03
13/1/2015,0.03
14/1/2015,0.04
15/1/2015,0.03
16/1/2015,0.03
20/1/2015,0.03
21/1/2015,0.03
22/1/2015,0.03
23/1/2015,0.02
26/1/2015,0.03
27/1/2015,0.02
28/1/2015,0.02
29/1/2015,0.03
30/1/2015,0.02
2/2/2015,0.02
3/2/2015,0.02
4/2/2015,0.01
5/2/2015,0.02
6/2/2015,0.02
9/2/2015,0.01
10/2/2015,0.01
11/2/2015,0.01
12/2/2015,0.02
13/2/2015,0.01
17/2/2015,0.02
18/2/2015,0.02
19/2/2015,0.02
20/2/2015,0.02
23/2/2015,0.02
24/2/2015,0.02
25/2/2015,0.02
26/2/2015,0.03
27/2/2015,0.02
2/3/2015,0.02
3/3/2015,0.02
4/3/2015,0.01
5/3/2015,0.02
6/3/2015,0.01
9/3/2015,0.02
10/3/2015,0.02
11/3/2015,0.03
12/3/2015,0.03
13/3/2015,0.03
16/3/2015,0.05
17/3/2015,0.05
18/3/2015,0.03
19/3/2015,0.03
20/3/2015,0.01
23/3/2015,0.03
24/3/2015,0.02
25/3/2015,0.04
26/3/2015,0.03
27/3/2015,0.04
30/3/2015,0.04
31/3/2015,0.03
1/4/2015,0.03
2/4/2015,0.02
3/4/2015,0.02
6/4/2015,0.03
7/4/2015,0.02
8/4/2015,0.03
9/4/2015,0.03
10/4/2015,0.02
13/4/2015,0.03
14/4/2015,0.02
15/4/2015,0.02
16/4/2015,0.02
17/4/2015,0.01
20/4/2015,0.03
21/4/2015,0.03
22/4/2015,0.03
23/4/2015,0.03
24/4/2015,0.03
27/4/2015,0.02
28/4/2015,0.02
29/4/2015,0.01
30/4/2015,0.01
1/5/2015,0.01
4/5/2015,0.02
5/5/2015,0.01
6/5/2015,0.02
7/5/2015,0.01
8/5/2015,0.01
11/5/2015,0.02
12/5/2015,0.03
13/5/2015,0.02
14/5/2015,0.01
15/5/2015,0.02
18/5/2015,0.02
19/5/2015,0.02
20/5/2015,0.02
21/5/2015,0.02
22/5/2015,0.02
26/5/2015,0.02
27/5/2015,0.01
28/5/2015,0.01
29/5/2015,0.01
1/6/2015,0.02
2/6/2015,0.01
3/6/2015,0.02
4/6/2015,0.02
5/6/2015,0.03
8/6/2015,0.02
9/6/2015,0.02
10/6/2015,0.02
11/6/2015,0.01
12/6/2015,0.02
15/6/2015,0.02
16/6/2015,0.01
17/6/2015,0.01
18/6/2015,0.01
19/6/2015,0.01
22/6/2015,0.01
23/6/2015,0.01
24/6/2015,0.01
25/6/2015,0.01
26/6/2015,0.01
29/6/2015,0.02
30/6/2015,0.01
1/7/2015,0.01
2/7/2015,0.01
6/7/2015,0.02
7/7/2015,0.02
8/7/2015,0.02
9/7/2015,0.03
10/7/2015,0.01
13/7/2015,0.02
14/7/2015,0.01
15/7/2015,0.02
16/7/2015,0.02
17/7/2015,0.03
20/7/2015,0.04
21/7/2015,0.03
22/7/2015,0.04
23/7/2015,0.03
24/7/2015,0.04
27/7/2015,0.05
28/7/2015,0.05
29/7/2015,0.06
30/7/2015,0.07
31/7/2015,0.08
3/8/2015,0.08
4/8/2015,0.08
5/8/2015,0.08
6/8/2015,0.04
7/8/2015,0.06
10/8/2015,0.12
11/8/2015,0.1
12/8/2015,0.1
13/8/2015,0.1
14/8/2015,0.09
17/8/2015,0.1
18/8/2015,0.07
19/8/2015,0.05
20/8/2015,0.02
21/8/2015,0.03
24/8/2015,0.06
25/8/2015,0.07
26/8/2015,0.06
27/8/2015,0.06
28/8/2015,0.06
31/8/2015,0.08
1/9/2015,0.03
2/9/2015,0.03
3/9/2015,0.02
4/9/2015,0.02
8/9/2015,0.06
9/9/2015,0.03
10/9/2015,0.02
11/9/2015,0.04
14/9/2015,0.07
15/9/2015,0.07
16/9/2015,0.06
17/9/2015,0.01
18/9/2015,-0.01
21/9/2015,0.01
22/9/2015,-0.01
23/9/2015,0.01
24/9/2015,0.01
25/9/2015,-0.01
28/9/2015,0.01
29/9/2015,0.01
30/9/2015,-0.01
1/10/2015,-0.02
2/10/2015,0
5/10/2015,0.01
6/10/2015,0
7/10/2015,0
8/10/2015,-0.01
9/10/2015,0.01
13/10/2015,0.01
14/10/2015,0
15/10/2015,0.01
16/10/2015,0.01
19/10/2015,0.02
20/10/2015,0.02
21/10/2015,0.01
22/10/2015,0
23/10/2015,0.01
26/10/2015,0.02
27/10/2015,0.03
28/10/2015,0.04
29/10/2015,0.07
30/10/2015,0.08
2/11/2015,0.08
3/11/2015,0.06
4/11/2015,0.05
5/11/2015,0.05
6/11/2015,0.08
9/11/2015,0.14
10/11/2015,0.13
12/11/2015,0.14
13/11/2015,0.13
16/11/2015,0.15
17/11/2015,0.14
18/11/2015,0.12
19/11/2015,0.11
20/11/2015,0.11
23/11/2015,0.14
24/11/2015,0.16
25/11/2015,0.19
27/11/2015,0.17
30/11/2015,0.22
1/12/2015,0.21
2/12/2015,0.21
3/12/2015,0.21
4/12/2015,0.22
7/12/2015,0.29
8/12/2015,0.27
9/12/2015,0.26
10/12/2015,0.24
11/12/2015,0.22
14/12/2015,0.26
15/12/2015,0.25
16/12/2015,0.27
17/12/2015,0.23
18/12/2015,0.19
21/12/2015,0.24
22/12/2015,0.21
23/12/2015,0.2
24/12/2015,0.2
28/12/2015,0.23
29/12/2015,0.23
30/12/2015,0.21
31/12/2015,0.16
4/1/2016,0.22
5/1/2016,0.2
6/1/2016,0.21
7/1/2016,0.2
8/1/2016,0.2
11/1/2016,0.21
12/1/2016,0.21
13/1/2016,0.22
14/1/2016,0.25
15/1/2016,0.23
19/1/2016,0.26
20/1/2016,0.26
21/1/2016,0.28
22/1/2016,0.3
25/1/2016,0.31
26/1/2016,0.31
27/1/2016,0.32
28/1/2016,0.34
29/1/2016,0.32
1/2/2016,0.35
2/2/2016,0.34
3/2/2016,0.33
4/2/2016,0.29
5/2/2016,0.29
8/2/2016,0.32
9/2/2016,0.3
10/2/2016,0.31
11/2/2016,0.28
12/2/2016,0.29
16/2/2016,0.3
17/2/2016,0.3
18/2/2016,0.3
19/2/2016,0.3
22/2/2016,0.33
23/2/2016,0.32
24/2/2016,0.33
25/2/2016,0.32
26/2/2016,0.32
29/2/2016,0.33
1/3/2016,0.33
2/3/2016,0.35
3/3/2016,0.27
4/3/2016,0.28
7/3/2016,0.32
8/3/2016,0.29
9/3/2016,0.3
10/3/2016,0.31
11/3/2016,0.32
14/3/2016,0.34
15/3/2016,0.34
16/3/2016,0.31
17/3/2016,0.29
18/3/2016,0.29
21/3/2016,0.31
22/3/2016,0.3
23/3/2016,0.3
24/3/2016,0.29
28/3/2016,0.29
29/3/2016,0.23
30/3/2016,0.2
31/3/2016,0.21
1/4/2016,0.23
4/4/2016,0.23
5/4/2016,0.23
6/4/2016,0.23
7/4/2016,0.23
8/4/2016,0.23
11/4/2016,0.23
12/4/2016,0.22
13/4/2016,0.23
14/4/2016,0.22
15/4/2016,0.22
18/4/2016,0.22
19/4/2016,0.21
20/4/2016,0.23
21/4/2016,0.23
22/4/2016,0.23
25/4/2016,0.25
26/4/2016,0.24
27/4/2016,0.24
28/4/2016,0.22
29/4/2016,0.22
2/5/2016,0.22
3/5/2016,0.21
4/5/2016,0.19
5/5/2016,0.2
6/5/2016,0.19
9/5/2016,0.24
10/5/2016,0.24
11/5/2016,0.26
12/5/2016,0.27
13/5/2016,0.28
16/5/2016,0.28
17/5/2016,0.28
18/5/2016,0.3
19/5/2016,0.3
20/5/2016,0.32
23/5/2016,0.35
24/5/2016,0.35
25/5/2016,0.33
26/5/2016,0.3
27/5/2016,0.31
31/5/2016,0.34
1/6/2016,0.3
2/6/2016,0.28
3/6/2016,0.29
6/6/2016,0.28
7/6/2016,0.28
8/6/2016,0.24
9/6/2016,0.25
10/6/2016,0.25
13/6/2016,0.27
14/6/2016,0.27
15/6/2016,0.26
16/6/2016,0.27
17/6/2016,0.26
20/6/2016,0.28
21/6/2016,0.27
22/6/2016,0.27
23/6/2016,0.3
24/6/2016,0.26
27/6/2016,0.27
28/6/2016,0.26
29/6/2016,0.26
30/6/2016,0.26
1/7/2016,0.27
5/7/2016,0.28
6/7/2016,0.27
7/7/2016,0.29
8/7/2016,0.27
11/7/2016,0.31
12/7/2016,0.29
13/7/2016,0.31
14/7/2016,0.31
15/7/2016,0.31
18/7/2016,0.32
19/7/2016,0.31
20/7/2016,0.32
21/7/2016,0.31
22/7/2016,0.32
25/7/2016,0.32
26/7/2016,0.31
27/7/2016,0.31
28/7/2016,0.25
29/7/2016,0.27
1/8/2016,0.29
2/8/2016,0.29
3/8/2016,0.28
4/8/2016,0.26
5/8/2016,0.27
8/8/2016,0.31
9/8/2016,0.29
10/8/2016,0.28
11/8/2016,0.28
12/8/2016,0.28
15/8/2016,0.31
16/8/2016,0.27
17/8/2016,0.3
18/8/2016,0.29
19/8/2016,0.29
22/8/2016,0.29
23/8/2016,0.3
24/8/2016,0.31
25/8/2016,0.33
26/8/2016,0.33
29/8/2016,0.33
30/8/2016,0.33
31/8/2016,0.33
1/9/2016,0.33
2/9/2016,0.32
6/9/2016,0.32
7/9/2016,0.34
8/9/2016,0.34
9/9/2016,0.34
12/9/2016,0.37
13/9/2016,0.36
14/9/2016,0.33
15/9/2016,0.29
16/9/2016,0.29
19/9/2016,0.3
20/9/2016,0.3
21/9/2016,0.22
22/9/2016,0.18
23/9/2016,0.18
26/9/2016,0.25
27/9/2016,0.26
28/9/2016,0.27
29/9/2016,0.26
30/9/2016,0.28
3/10/2016,0.32
4/10/2016,0.33
5/10/2016,0.32
6/10/2016,0.32
7/10/2016,0.32
11/10/2016,0.35
12/10/2016,0.36
13/10/2016,0.29
14/10/2016,0.31
17/10/2016,0.34
18/10/2016,0.34
19/10/2016,0.34
20/10/2016,0.34
21/10/2016,0.33
24/10/2016,0.33
25/10/2016,0.34
26/10/2016,0.33
27/10/2016,0.29
28/10/2016,0.29
31/10/2016,0.34
1/11/2016,0.35
2/11/2016,0.36
3/11/2016,0.37
4/11/2016,0.37
7/11/2016,0.41
8/11/2016,0.43
9/11/2016,0.44
10/11/2016,0.47
14/11/2016,0.54
15/11/2016,0.5
16/11/2016,0.46
17/11/2016,0.43
18/11/2016,0.43
21/11/2016,0.46
22/11/2016,0.48
23/11/2016,0.5
25/11/2016,0.48
28/11/2016,0.48
29/11/2016,0.48
30/11/2016,0.48
1/12/2016,0.47
2/12/2016,0.48
5/12/2016,0.49
6/12/2016,0.49
7/12/2016,0.51
8/12/2016,0.5
9/12/2016,0.53
12/12/2016,0.51
13/12/2016,0.54
14/12/2016,0.54
15/12/2016,0.5
16/12/2016,0.5
19/12/2016,0.52
20/12/2016,0.52
21/12/2016,0.51
22/12/2016,0.5
23/12/2016,0.51
27/12/2016,0.51
28/12/2016,0.52
29/12/2016,0.46
30/12/2016,0.5
3/1/2017,0.53
4/1/2017,0.52
5/1/2017,0.51
6/1/2017,0.52
9/1/2017,0.5
10/1/2017,0.51
11/1/2017,0.51
12/1/2017,0.51
13/1/2017,0.52
17/1/2017,0.54
18/1/2017,0.52
19/1/2017,0.51
20/1/2017,0.49
23/1/2017,0.51
24/1/2017,0.5
25/1/2017,0.49
26/1/2017,0.5
27/1/2017,0.51
30/1/2017,0.51
31/1/2017,0.52
1/2/2017,0.5
2/2/2017,0.51
3/2/2017,0.5
6/2/2017,0.53
7/2/2017,0.53
8/2/2017,0.53
9/2/2017,0.53
10/2/2017,0.54
13/2/2017,0.52
14/2/2017,0.54
15/2/2017,0.53
16/2/2017,0.52
17/2/2017,0.52
21/2/2017,0.53
22/2/2017,0.52
23/2/2017,0.51
24/2/2017,0.51
27/2/2017,0.5
28/2/2017,0.53
1/3/2017,0.62
2/3/2017,0.66
3/3/2017,0.7
6/3/2017,0.73
7/3/2017,0.75
8/3/2017,0.72
9/3/2017,0.72
10/3/2017,0.73
13/3/2017,0.78
14/3/2017,0.77
15/3/2017,0.72
16/3/2017,0.72
17/3/2017,0.72
20/3/2017,0.75
21/3/2017,0.76
22/3/2017,0.76
23/3/2017,0.75
24/3/2017,0.77
27/3/2017,0.77
28/3/2017,0.77
29/3/2017,0.77
30/3/2017,0.77
31/3/2017,0.75
3/4/2017,0.78
4/4/2017,0.78
5/4/2017,0.79
6/4/2017,0.78
7/4/2017,0.81
10/4/2017,0.81
11/4/2017,0.81
12/4/2017,0.8
13/4/2017,0.8
17/4/2017,0.82
18/4/2017,0.81
19/4/2017,0.8
20/4/2017,0.78
21/4/2017,0.78
24/4/2017,0.8
25/4/2017,0.81
26/4/2017,0.82
27/4/2017,0.8
28/4/2017,0.79
1/5/2017,0.82
2/5/2017,0.81
3/5/2017,0.84
4/5/2017,0.84
5/5/2017,0.88
8/5/2017,0.9
9/5/2017,0.9
10/5/2017,0.89
11/5/2017,0.87
12/5/2017,0.86
15/5/2017,0.89
16/5/2017,0.89
17/5/2017,0.89
18/5/2017,0.91
19/5/2017,0.9
22/5/2017,0.92
23/5/2017,0.91
24/5/2017,0.92
25/5/2017,0.92
26/5/2017,0.92
30/5/2017,0.92
31/5/2017,0.96
1/6/2017,0.96
2/6/2017,0.96
5/6/2017,0.95
6/6/2017,0.96
7/6/2017,0.98
8/6/2017,0.99
9/6/2017,0.99
12/6/2017,0.97
13/6/2017,0.99
14/6/2017,0.99
15/6/2017,1
16/6/2017,1.01
19/6/2017,1.01
20/6/2017,1
21/6/2017,0.97
22/6/2017,0.94
23/6/2017,0.95
26/6/2017,0.98
27/6/2017,0.99
28/6/2017,1
29/6/2017,1.02
30/6/2017,1.01
3/7/2017,1.04
5/7/2017,1.03
6/7/2017,1.02
7/7/2017,1.03
10/7/2017,1.03
11/7/2017,1.03
12/7/2017,1.03
13/7/2017,1.03
14/7/2017,1.02
17/7/2017,1.05
18/7/2017,1.05
19/7/2017,1.09
20/7/2017,1.13
21/7/2017,1.14
24/7/2017,1.15
25/7/2017,1.16
26/7/2017,1.11
27/7/2017,1.09
28/7/2017,1.06
31/7/2017,1.05
1/8/2017,1.06
2/8/2017,1.06
3/8/2017,1.06
4/8/2017,1.06
7/8/2017,1.01
8/8/2017,1.04
9/8/2017,1.04
10/8/2017,1.03
11/8/2017,1.01
14/8/2017,1.01
15/8/2017,1.02
16/8/2017,1
17/8/2017,0.98
18/8/2017,1
21/8/2017,0.99
22/8/2017,0.99
23/8/2017,0.98
24/8/2017,1
25/8/2017,1.01
28/8/2017,0.97
29/8/2017,1.01
30/8/2017,1.01
31/8/2017,0.99
1/9/2017,1
5/9/2017,1.01
6/9/2017,1.05
7/9/2017,1.03
8/9/2017,1.02
11/9/2017,1.04
12/9/2017,1.02
13/9/2017,1.02
14/9/2017,1.03
15/9/2017,1.03
18/9/2017,1.04
19/9/2017,1.03
20/9/2017,1.02
21/9/2017,1.02
22/9/2017,1.01
25/9/2017,1.04
26/9/2017,1.05
27/9/2017,1.05
28/9/2017,1.04
29/9/2017,1.04
2/10/2017,1
3/10/2017,1.05
4/10/2017,1.06
5/10/2017,1.05
6/10/2017,1.05
10/10/2017,1.06
11/10/2017,1.08
12/10/2017,1.07
13/10/2017,1.07
16/10/2017,1.09
17/10/2017,1.07
18/10/2017,1.07
19/10/2017,1.08
20/10/2017,1.09
23/10/2017,1.08
24/10/2017,1.1
25/10/2017,1.1
26/10/2017,1.09
27/10/2017,1.08
30/10/2017,1.1
31/10/2017,1.13
1/11/2017,1.16
2/11/2017,1.15
3/11/2017,1.16
6/11/2017,1.17
7/11/2017,1.2
8/11/2017,1.21
9/11/2017,1.22
10/11/2017,1.21
13/11/2017,1.22
14/11/2017,1.24
15/11/2017,1.23
16/11/2017,1.25
17/11/2017,1.26
20/11/2017,1.28
21/11/2017,1.28
22/11/2017,1.27
24/11/2017,1.26
27/11/2017,1.25
28/11/2017,1.28
29/11/2017,1.27
30/11/2017,1.25
1/12/2017,1.25
4/12/2017,1.28
5/12/2017,1.28
6/12/2017,1.28
7/12/2017,1.27
8/12/2017,1.26
11/12/2017,1.31
12/12/2017,1.32
13/12/2017,1.28
14/12/2017,1.3
15/12/2017,1.29
18/12/2017,1.36
19/12/2017,1.35
20/12/2017,1.36
21/12/2017,1.33
22/12/2017,1.31
26/12/2017,1.45
27/12/2017,1.42
28/12/2017,1.37
29/12/2017,1.37
2/1/2018,1.42
3/1/2018,1.39
4/1/2018,1.39
5/1/2018,1.37
8/1/2018,1.43
9/1/2018,1.42
10/1/2018,1.4
11/1/2018,1.41
12/1/2018,1.41
16/1/2018,1.43
17/1/2018,1.42
18/1/2018,1.43
19/1/2018,1.42
22/1/2018,1.43
23/1/2018,1.42
24/1/2018,1.41
25/1/2018,1.4
26/1/2018,1.39
29/1/2018,1.43
30/1/2018,1.42
31/1/2018,1.44
1/2/2018,1.46
2/2/2018,1.46
5/2/2018,1.49
6/2/2018,1.5
7/2/2018,1.53
8/2/2018,1.53
9/2/2018,1.53
12/2/2018,1.61
13/2/2018,1.57
14/2/2018,1.56
15/2/2018,1.56
16/2/2018,1.59
20/2/2018,1.64
21/2/2018,1.62
22/2/2018,1.61
23/2/2018,1.61
26/2/2018,1.65
27/2/2018,1.64
28/2/2018,1.63
1/3/2018,1.6
2/3/2018,1.62
5/3/2018,1.67
6/3/2018,1.65
7/3/2018,1.65
8/3/2018,1.64
9/3/2018,1.64
12/3/2018,1.68
13/3/2018,1.7
14/3/2018,1.73
15/3/2018,1.74
16/3/2018,1.75
19/3/2018,1.77
20/3/2018,1.78
21/3/2018,1.71
22/3/2018,1.69
23/3/2018,1.71
26/3/2018,1.76
27/3/2018,1.74
28/3/2018,1.7
29/3/2018,1.7
2/4/2018,1.74
3/4/2018,1.72
4/4/2018,1.68
5/4/2018,1.69
6/4/2018,1.7
9/4/2018,1.73
10/4/2018,1.71
11/4/2018,1.7
12/4/2018,1.72
13/4/2018,1.73
16/4/2018,1.76
17/4/2018,1.77
18/4/2018,1.78
19/4/2018,1.79
20/4/2018,1.78
23/4/2018,1.84
24/4/2018,1.84
25/4/2018,1.82
26/4/2018,1.79
27/4/2018,1.78
30/4/2018,1.84
1/5/2018,1.82
2/5/2018,1.81
3/5/2018,1.8
4/5/2018,1.8
7/5/2018,1.83
8/5/2018,1.84
9/5/2018,1.85
10/5/2018,1.86
11/5/2018,1.88
14/5/2018,1.9
15/5/2018,1.89
16/5/2018,1.88
17/5/2018,1.88
18/5/2018,1.87
21/5/2018,1.9
22/5/2018,1.9
23/5/2018,1.88
24/5/2018,1.87
25/5/2018,1.86
29/5/2018,1.9
30/5/2018,1.9
31/5/2018,1.89
1/6/2018,1.88
4/6/2018,1.91
5/6/2018,1.91
6/6/2018,1.91
7/6/2018,1.9
8/6/2018,1.89
11/6/2018,1.91
12/6/2018,1.89
13/6/2018,1.9
14/6/2018,1.9
15/6/2018,1.9
18/6/2018,1.91
19/6/2018,1.91
20/6/2018,1.9
21/6/2018,1.9
22/6/2018,1.89
25/6/2018,1.9
26/6/2018,1.9
27/6/2018,1.89
28/6/2018,1.89
29/6/2018,1.89
2/7/2018,1.95
3/7/2018,1.94
5/7/2018,1.92
6/7/2018,1.93
9/7/2018,1.95
10/7/2018,1.95
11/7/2018,1.93
12/7/2018,1.94
13/7/2018,1.94
16/7/2018,1.98
17/7/2018,1.98
18/7/2018,1.96
19/7/2018,1.96
20/7/2018,1.95
23/7/2018,1.96
24/7/2018,1.98
25/7/2018,1.97
26/7/2018,1.95
27/7/2018,1.96
30/7/2018,2.01
31/7/2018,1.99
1/8/2018,1.99
2/8/2018,1.98
3/8/2018,1.97
6/8/2018,2.02
7/8/2018,2.02
8/8/2018,2.02
9/8/2018,2.02
10/8/2018,2.01
13/8/2018,2.03
14/8/2018,2.04
15/8/2018,2.03
16/8/2018,2.03
17/8/2018,2.01
20/8/2018,2.03
21/8/2018,2.04
22/8/2018,2.05
23/8/2018,2.04
24/8/2018,2.05
27/8/2018,2.08
28/8/2018,2.09
29/8/2018,2.09
30/8/2018,2.07
31/8/2018,2.07
4/9/2018,2.09
5/9/2018,2.1
6/9/2018,2.09
7/9/2018,2.1
10/9/2018,2.11
11/9/2018,2.11
12/9/2018,2.12
13/9/2018,2.11
14/9/2018,2.12
17/9/2018,2.13
18/9/2018,2.13
19/9/2018,2.12
20/9/2018,2.13
21/9/2018,2.14
24/9/2018,2.18
25/9/2018,2.17
26/9/2018,2.16
27/9/2018,2.14
28/9/2018,2.15
1/10/2018,2.19
2/10/2018,2.19
3/10/2018,2.19
4/10/2018,2.18
5/10/2018,2.18
9/10/2018,2.21
10/10/2018,2.23
11/10/2018,2.22
12/10/2018,2.23
15/10/2018,2.27
16/10/2018,2.26
17/10/2018,2.27
18/10/2018,2.27
19/10/2018,2.26
22/10/2018,2.3
23/10/2018,2.29
24/10/2018,2.29
25/10/2018,2.29
26/10/2018,2.28
29/10/2018,2.3
30/10/2018,2.29
31/10/2018,2.29
1/11/2018,2.27
2/11/2018,2.28
5/11/2018,2.32
6/11/2018,2.31
7/11/2018,2.32
8/11/2018,2.3
9/11/2018,2.31
13/11/2018,2.34
14/11/2018,2.33
15/11/2018,2.32
16/11/2018,2.31
19/11/2018,2.34
20/11/2018,2.34
21/11/2018,2.36
23/11/2018,2.36
26/11/2018,2.37
27/11/2018,2.36
28/11/2018,2.35
29/11/2018,2.32
30/11/2018,2.32
3/12/2018,2.34
4/12/2018,2.38
6/12/2018,2.36
7/12/2018,2.35
10/12/2018,2.37
11/12/2018,2.37
12/12/2018,2.39
13/12/2018,2.38
14/12/2018,2.37
17/12/2018,2.36
18/12/2018,2.34
19/12/2018,2.35
20/12/2018,2.34
21/12/2018,2.34
24/12/2018,2.41
26/12/2018,2.39
27/12/2018,2.36
28/12/2018,2.35
31/12/2018,2.4
2/1/2019,2.37
3/1/2019,2.36
4/1/2019,2.37
7/1/2019,2.41
8/1/2019,2.41
9/1/2019,2.4
10/1/2019,2.38
11/1/2019,2.38
14/1/2019,2.4
15/1/2019,2.4
16/1/2019,2.38
17/1/2019,2.37
18/1/2019,2.36
22/1/2019,2.38
23/1/2019,2.36
24/1/2019,2.32
25/1/2019,2.34
28/1/2019,2.37
29/1/2019,2.37
30/1/2019,2.37
31/1/2019,2.36
1/2/2019,2.35
4/2/2019,2.37
5/2/2019,2.37
6/2/2019,2.37
7/2/2019,2.37
8/2/2019,2.38
11/2/2019,2.4
12/2/2019,2.38
13/2/2019,2.39
14/2/2019,2.38
15/2/2019,2.38
19/2/2019,2.41
20/2/2019,2.4
21/2/2019,2.4
22/2/2019,2.41
25/2/2019,2.42
26/2/2019,2.4
27/2/2019,2.4
28/2/2019,2.4
1/3/2019,2.39
4/3/2019,2.41
5/3/2019,2.41
6/3/2019,2.41
7/3/2019,2.4
8/3/2019,2.41
11/3/2019,2.41
12/3/2019,2.41
13/3/2019,2.4
14/3/2019,2.4
15/3/2019,2.4
18/3/2019,2.39
19/3/2019,2.41
20/3/2019,2.42
21/3/2019,2.43
22/3/2019,2.41
25/3/2019,2.41
26/3/2019,2.41
27/3/2019,2.39
28/3/2019,2.38
29/3/2019,2.35
1/4/2019,2.38
2/4/2019,2.37
3/4/2019,2.39
4/4/2019,2.39
5/4/2019,2.39
8/4/2019,2.38
9/4/2019,2.37
10/4/2019,2.38
11/4/2019,2.38
12/4/2019,2.39
15/4/2019,2.38
16/4/2019,2.38
17/4/2019,2.39
18/4/2019,2.37
22/4/2019,2.39
23/4/2019,2.4
24/4/2019,2.39
25/4/2019,2.38
26/4/2019,2.37
29/4/2019,2.39
30/4/2019,2.38
1/5/2019,2.38
2/5/2019,2.41
3/5/2019,2.38
6/5/2019,2.39
7/5/2019,2.38
8/5/2019,2.38
9/5/2019,2.38
10/5/2019,2.38
13/5/2019,2.36
14/5/2019,2.36
15/5/2019,2.37
16/5/2019,2.35
17/5/2019,2.34
20/5/2019,2.34
21/5/2019,2.34
22/5/2019,2.33
23/5/2019,2.32
24/5/2019,2.3
28/5/2019,2.32
29/5/2019,2.32
30/5/2019,2.33
31/5/2019,2.3
3/6/2019,2.3
4/6/2019,2.3
5/6/2019,2.3
6/6/2019,2.28
7/6/2019,2.23
10/6/2019,2.24
11/6/2019,2.22
12/6/2019,2.19
13/6/2019,2.14
14/6/2019,2.15
17/6/2019,2.18
18/6/2019,2.17
19/6/2019,2.13
20/6/2019,2.09
21/6/2019,2.07
24/6/2019,2.08
25/6/2019,2.07
26/6/2019,2.1
27/6/2019,2.09
28/6/2019,2.08
1/7/2019,2.16
2/7/2019,2.15
3/7/2019,2.16
5/7/2019,2.18
8/7/2019,2.21
9/7/2019,2.21
10/7/2019,2.15
11/7/2019,2.12
12/7/2019,2.1
15/7/2019,2.11
16/7/2019,2.1
17/7/2019,2.09
18/7/2019,2.01
19/7/2019,2.02
22/7/2019,2.04
23/7/2019,2.02
24/7/2019,2.05
25/7/2019,2.06
26/7/2019,2.08
29/7/2019,2.07
30/7/2019,2.04
31/7/2019,2.04
1/8/2019,2.03
2/8/2019,2.02
5/8/2019,2
6/8/2019,2.01
7/8/2019,1.98
8/8/2019,1.98
9/8/2019,1.96
12/8/2019,1.96
13/8/2019,1.96
14/8/2019,1.92
15/8/2019,1.87
16/8/2019,1.83
19/8/2019,1.9
20/8/2019,1.9
21/8/2019,1.93
22/8/2019,1.96
23/8/2019,1.93
26/8/2019,1.96
27/8/2019,1.94
28/8/2019,1.95
29/8/2019,1.95
30/8/2019,1.95
3/9/2019,1.94
4/9/2019,1.93
5/9/2019,1.93
6/9/2019,1.92
9/9/2019,1.92
10/9/2019,1.91
11/9/2019,1.92
12/9/2019,1.91
13/9/2019,1.92
16/9/2019,1.95
17/9/2019,1.95
18/9/2019,1.91
19/9/2019,1.89
20/9/2019,1.87
23/9/2019,1.9
24/9/2019,1.88
25/9/2019,1.85
26/9/2019,1.79
27/9/2019,1.76
30/9/2019,1.84
1/10/2019,1.78
2/10/2019,1.75
3/10/2019,1.67
4/10/2019,1.68
7/10/2019,1.71
8/10/2019,1.68
9/10/2019,1.66
10/10/2019,1.65
11/10/2019,1.65
15/10/2019,1.64
16/10/2019,1.63
17/10/2019,1.63
18/10/2019,1.63
21/10/2019,1.64
22/10/2019,1.62
23/10/2019,1.62
24/10/2019,1.64
25/10/2019,1.63
28/10/2019,1.62
29/10/2019,1.6
30/10/2019,1.59
31/10/2019,1.51
1/11/2019,1.49
4/11/2019,1.5
5/11/2019,1.53
6/11/2019,1.53
7/11/2019,1.53
8/11/2019,1.52
12/11/2019,1.56
13/11/2019,1.54
14/11/2019,1.54
15/11/2019,1.54
18/11/2019,1.54
19/11/2019,1.54
20/11/2019,1.54
21/11/2019,1.55
22/11/2019,1.55
25/11/2019,1.58
26/11/2019,1.57
27/11/2019,1.59
29/11/2019,1.56
2/12/2019,1.57
3/12/2019,1.54
4/12/2019,1.52
5/12/2019,1.51
6/12/2019,1.5
9/12/2019,1.51
10/12/2019,1.53
11/12/2019,1.54
12/12/2019,1.53
13/12/2019,1.54
16/12/2019,1.54
17/12/2019,1.53
18/12/2019,1.53
19/12/2019,1.54
20/12/2019,1.55
23/12/2019,1.56
24/12/2019,1.55
26/12/2019,1.55
27/12/2019,1.54
30/12/2019,1.54
31/12/2019,1.52
2/1/2020,1.51
3/1/2020,1.49
6/1/2020,1.53
7/1/2020,1.51
8/1/2020,1.51
9/1/2020,1.51
10/1/2020,1.51
13/1/2020,1.54
14/1/2020,1.54
15/1/2020,1.54
16/1/2020,1.52
17/1/2020,1.53
21/1/2020,1.53
22/1/2020,1.52
23/1/2020,1.52
24/1/2020,1.51
27/1/2020,1.52
28/1/2020,1.54
29/1/2020,1.53
30/1/2020,1.54
31/1/2020,1.52
3/2/2020,1.54
4/2/2020,1.54
5/2/2020,1.54
6/2/2020,1.54
7/2/2020,1.53
10/2/2020,1.55
11/2/2020,1.54
12/2/2020,1.55
13/2/2020,1.56
14/2/2020,1.55
18/2/2020,1.55
19/2/2020,1.55
20/2/2020,1.55
21/2/2020,1.53
24/2/2020,1.5
25/2/2020,1.5
26/2/2020,1.5
27/2/2020,1.42
28/2/2020,1.25
2/3/2020,1.1
3/3/2020,0.93
4/3/2020,0.71
5/3/2020,0.61
6/3/2020,0.45
9/3/2020,0.32
10/3/2020,0.43
11/3/2020,0.41
12/3/2020,0.33
13/3/2020,0.27
16/3/2020,0.24
17/3/2020,0.19
18/3/2020,0.02
19/3/2020,0.04
20/3/2020,0.05
23/3/2020,0.02
24/3/2020,0.01
25/3/2020,-0.04
26/3/2020,-0.05
27/3/2020,0.03
30/3/2020,0.12
31/3/2020,0.11
1/4/2020,0.09
2/4/2020,0.09
3/4/2020,0.1
6/4/2020,0.15
7/4/2020,0.14
8/4/2020,0.22
9/4/2020,0.25
13/4/2020,0.26
14/4/2020,0.2
15/4/2020,0.14
16/4/2020,0.14
17/4/2020,0.12
20/4/2020,0.12
21/4/2020,0.11
22/4/2020,0.12
23/4/2020,0.11
24/4/2020,0.12
27/4/2020,0.12
28/4/2020,0.11
29/4/2020,0.1
30/4/2020,0.09
1/5/2020,0.12
4/5/2020,0.13
5/5/2020,0.13
6/5/2020,0.12
7/5/2020,0.11
8/5/2020,0.12
11/5/2020,0.12
12/5/2020,0.13
13/5/2020,0.13
14/5/2020,0.12
15/5/2020,0.12
18/5/2020,0.13
19/5/2020,0.13
20/5/2020,0.12
21/5/2020,0.12
22/5/2020,0.12
26/5/2020,0.14
27/5/2020,0.15
28/5/2020,0.15
29/5/2020,0.14
1/6/2020,0.14
2/6/2020,0.15
3/6/2020,0.16
4/6/2020,0.15
5/6/2020,0.15
8/6/2020,0.17
9/6/2020,0.19
10/6/2020,0.17
11/6/2020,0.17
12/6/2020,0.16
15/6/2020,0.18
16/6/2020,0.17
17/6/2020,0.17
18/6/2020,0.16
19/6/2020,0.15
22/6/2020,0.16
23/6/2020,0.16
24/6/2020,0.15
25/6/2020,0.16
26/6/2020,0.14
29/6/2020,0.14
30/6/2020,0.16
1/7/2020,0.14
2/7/2020,0.14
6/7/2020,0.15
7/7/2020,0.15
8/7/2020,0.15
9/7/2020,0.13
10/7/2020,0.13
13/7/2020,0.14
14/7/2020,0.15
15/7/2020,0.16
16/7/2020,0.11
17/7/2020,0.11
20/7/2020,0.13
21/7/2020,0.13
22/7/2020,0.13
23/7/2020,0.12
24/7/2020,0.11
27/7/2020,0.11
28/7/2020,0.11
29/7/2020,0.11
30/7/2020,0.09
31/7/2020,0.09
3/8/2020,0.1
4/8/2020,0.09
5/8/2020,0.1
6/8/2020,0.1
7/8/2020,0.1
10/8/2020,0.11
11/8/2020,0.11
12/8/2020,0.11
13/8/2020,0.1
14/8/2020,0.1
17/8/2020,0.1
18/8/2020,0.09
19/8/2020,0.11
20/8/2020,0.11
21/8/2020,0.1
24/8/2020,0.12
25/8/2020,0.11
26/8/2020,0.11
27/8/2020,0.11
28/8/2020,0.1
31/8/2020,0.11
1/9/2020,0.12
2/9/2020,0.12
3/9/2020,0.11
4/9/2020,0.11
8/9/2020,0.13
9/9/2020,0.12
10/9/2020,0.12
11/9/2020,0.11
14/9/2020,0.11
15/9/2020,0.11
16/9/2020,0.12
17/9/2020,0.09
18/9/2020,0.1
21/9/2020,0.1
22/9/2020,0.1
23/9/2020,0.11
24/9/2020,0.1
25/9/2020,0.1
28/9/2020,0.11
29/9/2020,0.09
30/9/2020,0.1
1/10/2020,0.09
2/10/2020,0.09
5/10/2020,0.1
6/10/2020,0.1
7/10/2020,0.1
8/10/2020,0.09
9/10/2020,0.1
13/10/2020,0.11
14/10/2020,0.12
15/10/2020,0.11
16/10/2020,0.11
19/10/2020,0.11
20/10/2020,0.1
21/10/2020,0.1
22/10/2020,0.09
23/10/2020,0.1
26/10/2020,0.11
27/10/2020,0.1
28/10/2020,0.1
29/10/2020,0.09
30/10/2020,0.09
2/11/2020,0.09
3/11/2020,0.1
4/11/2020,0.1
5/11/2020,0.1
6/11/2020,0.1
9/11/2020,0.11
10/11/2020,0.1
12/11/2020,0.1
13/11/2020,0.09
16/11/2020,0.09
17/11/2020,0.09
18/11/2020,0.09
19/11/2020,0.07
20/11/2020,0.07
23/11/2020,0.08
24/11/2020,0.09
25/11/2020,0.09
27/11/2020,0.09
30/11/2020,0.08
1/12/2020,0.09
2/12/2020,0.09
3/12/2020,0.08
4/12/2020,0.09
7/12/2020,0.08
8/12/2020,0.09
9/12/2020,0.08
10/12/2020,0.08
11/12/2020,0.08
14/12/2020,0.09
15/12/2020,0.08
16/12/2020,0.09
17/12/2020,0.08
18/12/2020,0.08
21/12/2020,0.09
22/12/2020,0.09
23/12/2020,0.09
24/12/2020,0.09
28/12/2020,0.11
29/12/2020,0.1
30/12/2020,0.08
31/12/2020,0.09
4/1/2021,0.09
5/1/2021,0.09
6/1/2021,0.09
7/1/2021,0.09
8/1/2021,0.08
11/1/2021,0.08
12/1/2021,0.09
13/1/2021,0.09
14/1/2021,0.09
15/1/2021,0.09
19/1/2021,0.09
20/1/2021,0.08
21/1/2021,0.09
22/1/2021,0.08
25/1/2021,0.09
26/1/2021,0.07
27/1/2021,0.08
28/1/2021,0.07
29/1/2021,0.06
1/2/2021,0.07
2/2/2021,0.07
3/2/2021,0.04
4/2/2021,0.04
5/2/2021,0.03
8/2/2021,0.05
9/2/2021,0.04
10/2/2021,0.05
11/2/2021,0.05
12/2/2021,0.04
16/2/2021,0.04
17/2/2021,0.04
18/2/2021,0.03
19/2/2021,0.04
22/2/2021,0.03
23/2/2021,0.04
24/2/2021,0.03
25/2/2021,0.04
26/2/2021,0.04
1/3/2021,0.05
2/3/2021,0.04
3/3/2021,0.05
4/3/2021,0.04
5/3/2021,0.04
8/3/2021,0.05
9/3/2021,0.05
10/3/2021,0.04
11/3/2021,0.04
12/3/2021,0.04
15/3/2021,0.04
16/3/2021,0.02
17/3/2021,0.02
18/3/2021,0.01
19/3/2021,0.01
22/3/2021,0.03
23/3/2021,0.01
24/3/2021,0.02
25/3/2021,0.02
26/3/2021,0.02
29/3/2021,0.03
30/3/2021,0.02
31/3/2021,0.03
1/4/2021,0.02
2/4/2021,0.02
5/4/2021,0.03
6/4/2021,0.02
7/4/2021,0.02
8/4/2021,0.01
9/4/2021,0.02
12/4/2021,0.02
13/4/2021,0.03
14/4/2021,0.02
15/4/2021,0.02
16/4/2021,0.02
19/4/2021,0.02
20/4/2021,0.03
21/4/2021,0.03
22/4/2021,0.03
23/4/2021,0.03
26/4/2021,0.03
27/4/2021,0.01
28/4/2021,0.01
29/4/2021,0.01
30/4/2021,0.01
3/5/2021,0.04
4/5/2021,0.02
5/5/2021,0.02
6/5/2021,0.02
7/5/2021,0.02
10/5/2021,0.02
11/5/2021,0.01
12/5/2021,0.02
13/5/2021,0.02
14/5/2021,0.01
17/5/2021,0.02
18/5/2021,0.02
19/5/2021,0.01
20/5/2021,0.01
21/5/2021,0.01
24/5/2021,0.02
25/5/2021,0.02
26/5/2021,0.02
27/5/2021,0.02
28/5/2021,0.01
1/6/2021,0.02
2/6/2021,0.02
3/6/2021,0.02
4/6/2021,0.02
7/6/2021,0.02
8/6/2021,0.02
9/6/2021,0.03
10/6/2021,0.03
11/6/2021,0.03
14/6/2021,0.03
15/6/2021,0.03
16/6/2021,0.04
17/6/2021,0.04
18/6/2021,0.05
21/6/2021,0.05
22/6/2021,0.04
23/6/2021,0.05
24/6/2021,0.05
25/6/2021,0.06
28/6/2021,0.05
29/6/2021,0.04
30/6/2021,0.05
1/7/2021,0.05
2/7/2021,0.05
6/7/2021,0.05
7/7/2021,0.05
8/7/2021,0.06
9/7/2021,0.06
12/7/2021,0.05
13/7/2021,0.05
14/7/2021,0.06
15/7/2021,0.05
16/7/2021,0.05
19/7/2021,0.05
20/7/2021,0.05
21/7/2021,0.05
22/7/2021,0.05
23/7/2021,0.05
26/7/2021,0.05
27/7/2021,0.05
28/7/2021,0.05
29/7/2021,0.06
30/7/2021,0.06
2/8/2021,0.05
3/8/2021,0.05
4/8/2021,0.05
5/8/2021,0.05
6/8/2021,0.06
9/8/2021,0.06
10/8/2021,0.05
11/8/2021,0.05
12/8/2021,0.06
13/8/2021,0.06
16/8/2021,0.06
17/8/2021,0.07
18/8/2021,0.07
19/8/2021,0.06
20/8/2021,0.05
23/8/2021,0.05
24/8/2021,0.05
25/8/2021,0.06
26/8/2021,0.05
27/8/2021,0.05
30/8/2021,0.05
31/8/2021,0.04
1/9/2021,0.05
2/9/2021,0.05
3/9/2021,0.05
7/9/2021,0.05
8/9/2021,0.05
9/9/2021,0.04
10/9/2021,0.05
13/9/2021,0.06
14/9/2021,0.04
15/9/2021,0.04
16/9/2021,0.04
17/9/2021,0.04
20/9/2021,0.04
21/9/2021,0.03
22/9/2021,0.03
23/9/2021,0.03
24/9/2021,0.03
27/9/2021,0.04
28/9/2021,0.04
29/9/2021,0.04
30/9/2021,0.04
1/10/2021,0.04
4/10/2021,0.04
5/10/2021,0.04
6/10/2021,0.04
7/10/2021,0.05
8/10/2021,0.05
12/10/2021,0.06
13/10/2021,0.05
14/10/2021,0.05
15/10/2021,0.05
18/10/2021,0.06
19/10/2021,0.05
20/10/2021,0.05
21/10/2021,0.06
22/10/2021,0.06
25/10/2021,0.06
26/10/2021,0.06
27/10/2021,0.06
28/10/2021,0.06
29/10/2021,0.05
1/11/2021,0.05
2/11/2021,0.05
3/11/2021,0.05
4/11/2021,0.04
5/11/2021,0.05
8/11/2021,0.06
9/11/2021,0.04
10/11/2021,0.05
12/11/2021,0.05
15/11/2021,0.05
16/11/2021,0.05
17/11/2021,0.05
18/11/2021,0.05
19/11/2021,0.05
22/11/2021,0.05
23/11/2021,0.06
24/11/2021,0.06
26/11/2021,0.06
29/11/2021,0.06
30/11/2021,0.05
1/12/2021,0.06
2/12/2021,0.05
3/12/2021,0.06
6/12/2021,0.06
7/12/2021,0.06
8/12/2021,0.07
9/12/2021,0.06
10/12/2021,0.06
13/12/2021,0.05
14/12/2021,0.05
15/12/2021,0.06
16/12/2021,0.05
17/12/2021,0.05
20/12/2021,0.07
21/12/2021,0.07
22/12/2021,0.08
23/12/2021,0.08
27/12/2021,0.06
28/12/2021,0.06
29/12/2021,0.05
30/12/2021,0.05
31/12/2021,0.06
3/1/2022,0.09
4/1/2022,0.08
5/1/2022,0.09
6/1/2022,0.1
7/1/2022,0.1
10/1/2022,0.13
11/1/2022,0.12
12/1/2022,0.12
13/1/2022,0.12
14/1/2022,0.13
18/1/2022,0.17
19/1/2022,0.17
20/1/2022,0.18
21/1/2022,0.17
24/1/2022,0.2
25/1/2022,0.2
26/1/2022,0.19
27/1/2022,0.2
28/1/2022,0.19
31/1/2022,0.24
1/2/2022,0.2
2/2/2022,0.2
3/2/2022,0.21
4/2/2022,0.23
7/2/2022,0.28
8/2/2022,0.27
9/2/2022,0.27
10/2/2022,0.41
11/2/2022,0.37
14/2/2022,0.45
15/2/2022,0.41
16/2/2022,0.39
17/2/2022,0.37
18/2/2022,0.35
22/2/2022,0.39
23/2/2022,0.36
24/2/2022,0.33
25/2/2022,0.33
28/2/2022,0.37
1/3/2022,0.32
2/3/2022,0.33
3/3/2022,0.37
4/3/2022,0.33
7/3/2022,0.38
8/3/2022,0.36
9/3/2022,0.38
10/3/2022,0.38
11/3/2022,0.39
14/3/2022,0.45
15/3/2022,0.46
16/3/2022,0.43
17/3/2022,0.4
18/3/2022,0.41
21/3/2022,0.55
22/3/2022,0.51
23/3/2022,0.5
24/3/2022,0.5
25/3/2022,0.53
28/3/2022,0.6
29/3/2022,0.56
30/3/2022,0.55
31/3/2022,0.51
1/4/2022,0.52
4/4/2022,0.67
5/4/2022,0.65
6/4/2022,0.67
7/4/2022,0.68
8/4/2022,0.69
11/4/2022,0.78
12/4/2022,0.74
13/4/2022,0.75
14/4/2022,0.78
18/4/2022,0.82
19/4/2022,0.82
20/4/2022,0.82
21/4/2022,0.82
22/4/2022,0.82
25/4/2022,0.93
26/4/2022,0.84
27/4/2022,0.82
28/4/2022,0.81
29/4/2022,0.83
2/5/2022,0.9
3/5/2022,0.9
4/5/2022,0.88
5/5/2022,0.84
6/5/2022,0.84
9/5/2022,0.92
10/5/2022,0.89
11/5/2022,0.9
12/5/2022,0.95
13/5/2022,1.01
16/5/2022,1.07
17/5/2022,1.06
18/5/2022,1.02
19/5/2022,1.04
20/5/2022,1.01
23/5/2022,1.07
24/5/2022,1.05
25/5/2022,1.05
26/5/2022,1.06
27/5/2022,1.06
31/5/2022,1.13
1/6/2022,1.12
2/6/2022,1.13
3/6/2022,1.17
6/6/2022,1.23
7/6/2022,1.24
8/6/2022,1.25
9/6/2022,1.26
10/6/2022,1.34
13/6/2022,1.69
14/6/2022,1.78
15/6/2022,1.69
16/6/2022,1.54
17/6/2022,1.58
21/6/2022,1.66
22/6/2022,1.57
23/6/2022,1.59
24/6/2022,1.66
27/6/2022,1.75
28/6/2022,1.75
29/6/2022,1.73
30/6/2022,1.66
1/7/2022,1.66
5/7/2022,1.86
6/7/2022,1.85
7/7/2022,1.89
8/7/2022,1.91
11/7/2022,2.13
12/7/2022,2.16
13/7/2022,2.33
14/7/2022,2.33
15/7/2022,2.29
18/7/2022,2.44
19/7/2022,2.46
20/7/2022,2.44
21/7/2022,2.4
22/7/2022,2.41
25/7/2022,2.55
26/7/2022,2.48
27/7/2022,2.37
28/7/2022,2.35
29/7/2022,2.34
1/8/2022,2.48
2/8/2022,2.48
3/8/2022,2.44
4/8/2022,2.41
5/8/2022,2.48
8/8/2022,2.57
9/8/2022,2.58
10/8/2022,2.56
11/8/2022,2.52
12/8/2022,2.53
15/8/2022,2.63
16/8/2022,2.61
17/8/2022,2.59
18/8/2022,2.61
19/8/2022,2.64
22/8/2022,2.74
23/8/2022,2.71
24/8/2022,2.73
25/8/2022,2.78
26/8/2022,2.78
29/8/2022,2.89
30/8/2022,2.88
31/8/2022,2.87
1/9/2022,2.88
2/9/2022,2.85
6/9/2022,2.96
7/9/2022,2.98
8/9/2022,2.97
9/9/2022,2.98
12/9/2022,3.09
13/9/2022,3.19
14/9/2022,3.14
15/9/2022,3.12
16/9/2022,3.1
19/9/2022,3.29
20/9/2022,3.26
21/9/2022,3.21
22/9/2022,3.19
23/9/2022,3.12
26/9/2022,3.3
27/9/2022,3.26
28/9/2022,3.29
29/9/2022,3.26
30/9/2022,3.22
3/10/2022,3.34
4/10/2022,3.32
5/10/2022,3.33
6/10/2022,3.32
7/10/2022,3.31
11/10/2022,3.53
12/10/2022,3.56
13/10/2022,3.64
14/10/2022,3.65
17/10/2022,3.82
18/10/2022,3.89
19/10/2022,3.91
20/10/2022,3.91
21/10/2022,3.9
24/10/2022,4
25/10/2022,3.97
26/10/2022,3.94
27/10/2022,3.95
28/10/2022,3.99
31/10/2022,4.06
1/11/2022,4.06
